year,date,month,state,state_abbrev,location,activity,surf_related,age,sex,injury,fatal,attack_type
1817,1817-06-24,6.0,South Carolina,SC,"Charleston Harbor, Charleston County",Swimming,False,,M,FATAL,Y,Unprovoked
1830,1830-07-26,7.0,Massachusetts,MA,"Swampscott, Essex County","Fishing from dory, shark upset boat & he fell into the water",False,52.0,M,FATAL,Y,Unprovoked
1837,1837-09-09,9.0,South Carolina,SC,"Magwoods Wharf, Charleston Harbor, Charleston County",Bathing,False,,M,Right foot bittten,N,Unprovoked
1842,1842-07-06,7.0,New Jersey,NJ,"Absecon, Atlantic County",Harassing a shark,False,,,Lacerations to leg  PROVOKED INCIDENT,N,Provoked
1848,1848-08-31,8.0,Maryland,MD,Patapsco River,Swimming,False,15.0,M,Left leg severely bitten,N,Unprovoked
1849,1849-06-08,6.0,Florida,FL,"Pensacola, Escambia County",Bathing,False,,F,FATAL,Y,Unprovoked
1849,1849-06-08,6.0,Florida,FL,"Pensacola, Escambia County",Attempting to rescue woman seized by shark,False,,M,FATAL,Y,Unprovoked
1853,1853-09-28,9.0,North Carolina,NC,"Morehead, Carteret County",Commercial Salvage Diving,False,,M,No injury. Copper breastplate & harness bitten,N,Unprovoked
1855,1855-09-30,9.0,North Carolina,NC,Cape Hatteras,ship William Penn grounded & broke apart,False,,M,Foot bitten,N,Sea Disaster
1858,1858-08-29,8.0,New York,NY,"Staten Island, Richmond County",Swimming,False,,M,Thought to have been taken by a shark/s. Bodies not  recovered,Y,Invalid
1858,1858-08-31,8.0,New York,NY,"Staten Island, Richmond County",Swimming,False,,M,Thought to have been taken by a shark/s. Body not  recovered,Y,Invalid
1859,1859-03-16,3.0,Hawaii,HI,Off Kawaihae,Fell overboard,False,21.0,M,FATAL,,Unprovoked
1860,1860-08-01,8.0,New York,NY,Brooklyn,Swimming,False,,M,Toe severed,N,Unprovoked
1864,1864-08-12,8.0,New York,NY,Mahattan,Swimming,False,13.0,M,Left thigh severely bitten,N,Unprovoked
1865,1865-09-02,9.0,New York,NY,"Greenport Sound, Long Island",Swimming alongside the schooner Catherine Wilcox,False,17.0,M,Multiple lacerations,N,Unprovoked
1870,1870-07-27,7.0,North Carolina,NC,"Smithville (now Southport), Brunswick County",Bathing,False,,M,Foot bitten & toe severed,N,Unprovoked
1873,1873-07-28,7.0,Maryland,MD,Chester River,Fishing (Seining),False,,M,Leg severely bitten by netted shark. Lower leg surgically amputated PROVOKED INCIDENT,N,Provoked
1874,1874-07-15,7.0,New York,NY,Coney Island,Bathing,False,,M,Lacerations to groin,N,Unprovoked
1878,1878-08-08,8.0,New York,NY,Brooklyn,Swimming,False,14.0,M,FATAL,Y,Unprovoked
1878,1878-08-09,8.0,New York,NY,East River,Swimming,False,,M,FATAL?,Y,Unprovoked
1879,1879-07-03,7.0,California,CA,"Los Angeles, Los Angeles County",Bathing,False,,M,No details,N,Unprovoked
1880,1880-07-25,7.0,New York,NY,The Narrows,Sailing,False,,M,"Shark bit stern, no injury to occupant",N,Boating
1881,1881-06-13,6.0,Alabama,AL,Mobile Bay,Fell overboard,False,23.0,M,FATAL,Y,Unprovoked
1881,1881-08-12,8.0,Rhode Island,RI,Providence,Swimming,False,,M,"No injury, overalls ripped by shark",N,Unprovoked
1881,1881-09-05,9.0,North Carolina,NC,"Elizabeth City, Pasquotank County  ",Bathing,False,,M,"FATAL, possible post-mortem bites",Y,Unprovoked
1881,1881-10-16,10.0,Florida,FL,"Pensacola Bay, Escambia County",Bathing,False,18.0,M,Shark involvement prior to death unconfirmed,Y,Invalid
1884,1884-08-18,8.0,New York,NY,Jamaica Bay,Clamming,False,,M,Unclear if he sustained any injury from the shark,N,Invalid
1885,1885-07-26,7.0,Hawaii,HI,Kau District,Wreck of the schooner Pohoiki,False,,M,FATAL,Y,Sea Disaster
1885,1885-07-26,7.0,Hawaii,HI,Kau District,Wreck of the schooner Pohoiki,False,,M,Laceration to torso,N,Sea Disaster
1885,1885-07-26,7.0,Hawaii,HI,Kau District,Wreck of the schooner Pohoiki,False,,M,Left arm severed,N,Sea Disaster
1886,1886-06-02,6.0,Hawaii,HI,"Hamakua Homakua, Hawai'i","Fishing from shore, washed into the sea",False,,F,"The body of one woman had been bitten by a shark but it is not known if she was alive at the time, the other woman disappeared",Y,Invalid
1887,1887-10-18,10.0,Florida,FL,"Between Lake Worth & Biscayne Bay, near Hillsboro","Crossing inlet in a boat, seen fighting sharks with his oar, sharks smashed boat",False,,M,FATAL,Y,Unprovoked
1889,1889-07-19,7.0,Texas,TX,West Bay near Galveston ,Fishing,False,,M,Leg bitten,N,Unprovoked
1889,1889-07-21,7.0,Florida,FL,"Fernandina, Nassau County",Swimming,False,,M,"FATAL, calf bitten",Y,Unprovoked
1889,1889-11-16,11.0,Hawaii,HI,Honolulu,Parachuted from balloon,False,,M,Speculated that he was taken by a shark but most likely drowned,Y,Invalid
1890,1890-08-09,8.0,Connecticut,CT,"Bridgeport, Fairfield County",Treading for clams,False,,M,Severe lacerations to left arm.,N,Unprovoked
1891,1891-06-11,6.0,Virginia,VA,Hampton Roads,Fishing for sharks when he became entangled in net & fell overboard,False,,M,"Fatal, but death may have been due to drowning",Y,Invalid
1891,1891-08-29,8.0,New Jersey,NJ,"Off Longport, Atlantic County",Shooting sharks,False,,M,"Survived, PROVOKED INCIDENT",N,Provoked
1894,1894-06-29,6.0,Florida,FL,Anastasia Island,Bathing,False,,M,"""Painfully injured"" but no details",,Unprovoked
1894,1894-08-01,8.0,Florida,FL,"Jacksonville, Duval County",Swimming / floating on his back,False,,M,Lacerations to thigh,N,Unprovoked
1894,1894-08-21,8.0,New York,NY,"Woolsey's Point, East River",Swimming,False,,F,No injury,,Unprovoked
1894,1894-12-11,12.0,Florida,FL,"North Beach, St. Augustine",Fishing,False,,M,Left leg bitten PROVOKED INCIDENT,N,Provoked
1895,1895-08-02,8.0,New Jersey,NJ,Raritan Bay,Fishing,False,,M,Arm bitten,N,Unprovoked
1895,1895-08-11,8.0,Rhode Island,RI,Noyes Beach,Swimming,False,26.0,M,FATAL,Y,Unprovoked
1896,1896-07-25,7.0,Hawaii,HI,"Kahului, Maui",Fishing,False,35.0,M,FATAL,Y,Unprovoked
1897,1897-09-06,9.0,South Carolina,SC,"Elliott Cut, Charleston County",Standing,False,,M,Lacerations to lower leg,N,Unprovoked
1897,1897-09-17,9.0,Rhode Island,RI,Point Judith,Fishing,False,,M,Lacerations to hand by netted shark PROVOKED INCIDENT,N,Provoked
1898,1898-08-22,8.0,New York,NY,"Prince's Bay, Staten Island",Swimming,False,,M,Laceration to thigh,N,Unprovoked
1898,1898-10-28,10.0,Hawaii,HI,Off Kohala,Jumped overboard,False,,M,FATAL,Y,Unprovoked
1899,1899-08-15,8.0,Florida,FL,"Trout River, Panama Park",Swimming,False,15.0,M,FATAL,Y,Unprovoked
1900,1900-07-14,7.0,Hawaii,HI,"Makapu'u Point, O'ahu",Hunting seashells,False,,M,"Believed drowned. Uhlbrechts foot, and the pelvis & femur of another person recovered in gut of tiger shark shark caught on 17-Aug-1900",Y,Invalid
1900,1900-08-21,8.0,North Carolina,NC,"Southport, Brunswick County",Bathing,False,,M,Left hand lacerated,N,Unprovoked
1900,1900-09-05,9.0,Hawaii,HI,"Waikiki Beach, Oahu",Floating,False,,M,"Bathing suit torn & ""imprints of the shark's teeth on his body""",N,Unprovoked
1900,1900-09-13,9.0,Rhode Island,RI,Coddington Cove,Diving,False,,M,No injury,,Unprovoked
1902,1902-07-06,7.0,New Jersey,NJ,"Atlantic City, Atlantic County",Swimming,False,,M,Shark bit his left arm after he grabbed its tail PROVOKED INCIDENT,N,Provoked
1902,1902-08-08,8.0,Hawaii,HI,"Kalihi, O'ahu",Catching crabs,False,,M,"FATAL, both arms severed  ",Y,Unprovoked
1904,1904-07-27,7.0,Texas,TX,,Swimming,False,,M,"FATAL, body not recovered",Y,Unprovoked
1904,1904-07-28,7.0,New Jersey,NJ,"Shrewsbury River,  Monmouth County",Sailing,False,,M,No injury,N,Unprovoked
1905,1905-05-22,5.0,Florida,FL,"Pablo Beach, Jacksonville, Duval County",Swimming,False,,M,Lacerations to back & right leg,N,Unprovoked
1905,1905-07-29,7.0,North Carolina,NC,"Davis Shore, east of Beaufor, Carteret Countyt",Wading,False,16.0,M,Body not recovered FATAL,Y,Unprovoked
1906,1906-08-04,8.0,Maryland,MD,"Tangier Sound, Somerset County",Fell overboard,False,,M,FATAL,Y,Unprovoked
1907,1907-03-26,3.0,Florida,FL,"Garden Key, Charlotte County","Fishing,  tarpon being chased by shark  leapt across his skiff, breaking it in half & Larkin became tangled in the net",False,,M,"FATAL, shark bit his side, nearly cutting him in two  ",Y,Unprovoked
1907,1907-10-08,10.0,Hawaii,HI," Kalepolepo, Kihei, Maui","Diving, retrieving fish caught in net",False,,M,"Arm severed at elbow,  surgically amputated at shoulder ",N,Unprovoked
1908,1908-01-08,1.0,Hawaii,HI,"Mana, Kaua'i",Gathering fish stunned by dynamite,False,,M,"FATAL, ""pulled below the surface'  ",Y,Unprovoked
1908,1908-05-10,5.0,Florida,FL," Marathon, Monroe County",,False,,M,"FATAL, but shark involvement prior to death was not confirmed",Y,Invalid
1908,1908-06-08,6.0,Georgia,GA,,The British steamer Caribbee foundered,False,,M,FATAL,Y,Sea Disaster
1908,1908-09-05,9.0,California,CA,"Redondo, Los Angeles County",On fishing boat & trailing hand in the water,False,,M,Lacerations to fingers,N,Unprovoked
1909,1909-04-10,4.0,Hawaii,HI,"Pa'uwela, Maui",Reported swept away by waves while gathering opihi,False,19.0,F, Search party saw a large shark devour what appeared to be part of her body,Y,Invalid
1909,1909-07-15,7.0,Florida,FL,"Panama City, Bay County",Swimming,False,16.0,M,Hip & thigh lacerated,N,Unprovoked
1909,1909-07-24,7.0,New York,NY,Rockaway,Fell overboard while fishing for sharks,False,,M,Right leg bitten,N,Unprovoked
1909,1909-08-13,8.0,Florida,FL,"Pensacola Bay, Escambia County",Fell overboard from fishing schooner Halycon,False,,M,FATAL,Y,Unprovoked
1911,1911-09-17,9.0,Florida,FL,"Pablo Beach, Jacksonville, Duval County",Bathing,False,,M,Left arm & thigh bitten,N,Unprovoked
1911,1911-09-20,9.0,Florida,FL,"Pensacola Bay, Escambia County",Fell overboard & swimming,False,,M,FATAL,Y,Unprovoked
1911,1911-09-23,9.0,Texas,TX,Galveston Ship Channel,Jumped overboard to rescue companion,False,,M,FATAL,Y,Unprovoked
1911,1911-10-26,10.0,South Carolina,SC,Off Charleston,Fell overboard from steamship Rio Grande,False,,M,FATAL,Y,Unprovoked
1911,1911-11-08,11.0,Florida,FL,"Pensacola Bay, Escambia County",,False,,M,"Cause of death undetermined. 3.6 m [11'9""] shark seen carrying body. Next day, shark was killed & Antoine's entire body was found in its gut.",Y,Invalid
1912,1912-07-23,7.0,South Carolina,SC,Sullivan's Island,Swimming,False,,M,Toes severed,N,Unprovoked
1912,1912-08-30,8.0,Georgia,GA,"Tybee Island, Chatham County",Swimming,False,12.0,M,FATAL,Y,Unprovoked
1913,1913-05-21,5.0,Florida,FL,"John's Pass, Pinellas County",Fishing,False,,M,"Forefinger of right hand bitten by a ""dead"" shark PROVOKED INCIDENT",N,Provoked
1913,1913-07-12,7.0,South Carolina,SC,Charleston,,False,,M,FATAL,Y,Unprovoked
1913,1913-09-21,9.0,Florida,FL,"West Palm Beach, Palm Beach County",,False,,M,Major injuries but survived,N,Unprovoked
1914,1914-03-03,3.0,Hawaii,HI,"Honomu, Hawai'i",Washed into sea while picking opihi & attacked by 2 large sharks,False,,M,FATAL,Y,Unprovoked
1914,1914-05-14,5.0,Florida,FL,"Boca Ciega Bay, Pinellas County",Fishing,False,,F,PROVOKED INCIDENT Lacerations to right hand by hooked shark,N,Provoked
1914,1914-09-09,9.0,Louisiana,LA,Lake Pontchartrain,Swimming,False,17.0,M,FATAL,Y,Unprovoked
1915,1915-08-03,8.0,Florida,FL,"St. Augustine, St Johns County",,False,,M,Laceration to left leg,N,Unprovoked
1916,1916-06-23,6.0,Florida,FL,,,False,26.0,M,Leg bitten by shark hooked shark PROVOKED INCIDENT,N,Provoked
1916,1916-06-30,6.0,New Jersey,NJ,"Atlantic City, Atlantic County",Swimming,False,10.0,M,Heel bitten,N,Unprovoked
1916,1916-07-01,7.0,New Jersey,NJ,"Beach Haven, Ocean County",Swimming,False,24.0,M,"FATAL, left leg bitten",Y,Unprovoked
1916,1916-07-06,7.0,New Jersey,NJ,"Spring Lake, Monmouth County",Swimming,False,,M,FATAL,Y,Unprovoked
1916,1916-07-12,7.0,New Jersey,NJ,"Matawan Creek, 10 miles from the sea, Monmouth County",Swimming,False,10.0,M,"FATAL, legs & torso bitten ",Y,Unprovoked
1916,1916-07-12,7.0,New Jersey,NJ,"Matawan Creek, 10 miles from the sea, Monmouth County",Swimming (recovering remains of Stilwell),False,24.0,M,"FATAL, thigh bitten ",Y,Unprovoked
1916,1916-07-12,7.0,New Jersey,NJ,"In Matawan Creek, off NJ Clay Company brickyards at Cliffwood, Monmouth County, 9.5 miles from the sea, Monmouth County",Swimming,False,12.0,M,"Lower left leg bitten, surgically amputated",N,Unprovoked
1916,1916-07-13,7.0,New York,NY,"Sheepshead Bay, Brooklyn",Swimming,False,,F,"No attack,  no injury",N,Invalid
1916,1916-07-13,7.0,New York,NY,"Sheepshead Bay, Brooklyn",Swimming,False,,M,Ankle bruised,N,Unprovoked
1916,1916-07-26,7.0,North Carolina,NC,"Atlantic, near New Bern, Craven County",Fishing,False,,M,Arm severely lacerated,N,Unprovoked
1916,1916-08-24,8.0,Louisiana,LA,Grand Lake,Netting shrimp,False,,M,Lower left leg severely bitten & became septic. Not known if he survived,N,Unprovoked
1916,1916-10-11,10.0,Florida,FL,"Sewells Point, near Palm Beach","Fishing, attempted to take a netted shark",False,,M,"FATAL, leg severely bitten, surgically amputated PROVOKED INCIDENT",Y,Provoked
1917,1917-06-03,6.0,South Carolina,SC,Calibogue Sound,Swimming beside launch,False,,M,Right arm bitten,N,Unprovoked
1917,1917-07-18,7.0,Florida,FL,Florida Keys ,Diving,False,,M,FATAL,Y,Unprovoked
1917,1917-09-09,9.0,Hawaii,HI,"Nanakuli, Oahu",Stuffing a shark into an automobile,False,,M,Arm severely lacerated by shark that had been hooked and shot PROVOKED INCIDENT,N,Provoked
1917,1917-09-21,9.0,New Jersey,NJ,"Sea Bright, Monmouth County","Swimming, towing an empty barrel",False,,M,Left knee lacerated,N,Unprovoked
1919,1919-04-06,4.0,Florida,FL,"Florida Keys 25ºN,82ºW",Knocked into the water,False,,M,FATAL,Y,Unprovoked
1919,1919-05-29,5.0,South Carolina,SC,"James Island Sound, Charleston","""Swimming vigorously""",False,,M,Left foot bitten & abraded,N,Unprovoked
1919,1919-08-10,8.0,Florida,FL,"Gadsden Point, Tampa Bay",Swimming,False,,M,Laceration to left thigh,N,Unprovoked
1920,1920-06-29,6.0,Florida,FL,"Englewood Beach, Charlotte County",Swimming,False,13.0,M,Knee & thigh bitten,N,Unprovoked
1920,1920-07-14,7.0,New York,NY,"Woodcliff Channel, Freeport, Long Island",Swimming,False,30.0,M,Thought to have been taken by a shark. Body was not recovered,Y,Invalid
1922,1922-06-17,6.0,Florida,FL,"Municipal Pier, St. Petersburg, Tampa bay",Floating,False,18.0,F,"FATAL, thigh bitten",Y,Unprovoked
1922,1922-07-19,7.0,Florida,FL,"Pablo Beach, Jacksonville, Duval County",,False,,M,Leg bitten,N,Unprovoked
1922,1922-09-28,9.0,Hawaii,HI,"Keawanui, Kamalo, Moloka'i","Freediving, inspecting Kaunakakai wharf construction after blasting & dredging",False,,M,Survived,N,Unprovoked
1922,1922-12-14,12.0,Puerto Rico,PR,San Juan,Bathing,False,,F,"FATAL, hip & thigh bitten with  tissue removed, including bone ",Y,Unprovoked
1924,1924-06-18,6.0,Florida,FL,"Bayboro, Pinellas County",Removing shark from a net,False,,M,Netted shark made a5-inch incision above the knee PROVOKED INCIDENT,N,Provoked
1924,1924-07-04,7.0,California,CA,"Newport Beach, Orange County",Fishing,False,14.0,M,"No injury, shark tore hole in the side of the boat",N,Boating
1924,1924-07-31,7.0,South Carolina,SC,"Folly Island, near Charleston",Standing,False,,M,Left knee & leg bitten. (Tooth fragment recovered from kneecap),N,Unprovoked
1924,1924-11-21,11.0,Puerto Rico,PR,Santurce,Bathing,False,35.0,M,"FATAL, hand severed, both legs & arms bitten & nearly severed ",Y,Unprovoked
1925,1925-08-02,8.0,South Carolina,SC,"Folly Island, near Charleston",Swimming,False,,F,"Multiple lacerations on both thighs, right buttock and hip",N,Unprovoked
1926,1926-04-07,4.0,Hawaii,HI,"Hilo Bay Yacht Club, Hilo, Hawai'i",Swimming,False,,F,Right leg bitten thigh to heel,N,Unprovoked
1926,1926-05-18,5.0,Hawaii,HI,"Hale'iwa, O'ahu",Swimming,False,,M,"FATAL, gave sudden shriek & disappeared, body found in shark caught off Kahuka",Y,Unprovoked
1926,1926-07-08,7.0,California,CA,"San Francisco Bay (or San Leandro Bay), near cannery, Alameda County",Swimming with dog near canning factory,False,15.0,M,Leg & hand lacerated and dog bitten,N,Unprovoked
1926,1926-07-12,7.0,New Jersey,NJ,20 miles off Seabright,Fishing,False,,M,No injury to occupants,N,Boating
1926,1926-08-24,8.0,New Jersey,NJ,"Seaside, Ocean County",Swimming,False,18.0,M,FATAL,Y,Unprovoked
1928,1928-01-21,1.0,Florida,FL,,Swimming,False,,,Body not recovered ,Y,Invalid
1928,1928-11-12,11.0,Virginia,VA,"200 miles off Hampton Roads, Virginia, USA","Sea Disaster, sinking of the  SS Vestris",False,,M,FATAL,Y,Sea Disaster
1928,1928-11-18,11.0,New Jersey,NJ,"Seabright, Monmouth County",Fishing,False,,M,"Fishermen were cut & bruised by netted, harpooned and gaffed  sharks PROVOKED INCIDENT",N,Provoked
1929,1929-03-16,3.0,Florida,FL,"Sea Spray, Palm Beach",Swimming,False,26.0,M,Right sole & toes lacerated,N,Unprovoked
1929,1929-06-23,6.0,Florida,FL,"Fort Pierce, St Lucie County",Fishing,False,,M,Leg bitten by hooked shark PROVOKED INCIDENT,N,Provoked
1929,1929-08-05,8.0,South Carolina,SC,Fort Moultrie,Bathing,False,,M,Left foot & ankle bitten,N,Unprovoked
1930,1930-05-27,5.0,Texas,TX,High Island,Swimming / floating,False,,M,Lacerations to arm,N,Unprovoked
1930,1930-07-11,7.0,Florida,FL,"Jensen Beach, Martin County",Swimming,False,21.0,M,Arm lacerated from shoulder to wrist,N,Unprovoked
1930,1930-08-06,8.0,Florida,FL,"Palm Beach Inlet, Palm Beach County",Swimming,False,,M,Lacerations to foot & ankle,N,Unprovoked
1931,1931-06-13,6.0,Hawaii,HI,"Pearl Harbor, O'ahu",Gaffing & attempting to bring onboard a harpooned shark,False,,M,Tip of finger amputated PROVOKED INCIDENT,N,Provoked
1931,1931-06-14,6.0,Hawaii,HI,"Pearl Harbor, O'ahu","Fishing, had just speared a ulua",False,,M,Survived,N,Unprovoked
1931,1931-07-15,7.0,New Jersey,NJ,"Sea Girt, Monmouth County",Swimming,False,,M,Nipped on leg,N,Unprovoked
1931,1931-08-18,8.0,Texas,TX,Off Brownsville,Swimming,False,,M,Minor injury,N,Unprovoked
1931,1931-08-27,8.0,New Jersey,NJ,"1 mile ESE of Navesink, Monmouth County",Fishing for bluefish,False,,,No injury to occupants. Shark chasing fish struck boat,N,Boating
1931,1931-08-30,8.0,Hawaii,HI,,,False,,M,"""Mysteriously disappeared"" His body was found in a shark caught at Barber's Point on 01-Sep-1931",Y,Invalid
1931,1931-09-02,9.0,Hawaii,HI,"Kahala, O'ahu",Fishing,False,,M,"Swept out to sea by strong currents, his remains found in shark caught off Barbers Point",Y,Invalid
1931,1931-09-21,9.0,Florida,FL,"Municipal Beach, West Palm Beach, Palm Beach County",Swimming,False,,M,Minor injury,N,Unprovoked
1931,1931-09-21,9.0,Florida,FL,"Municipal Beach, West Palm Beach, Palm Beach County",Swimming,False,20.0,F,Right thigh & calf lacerated,N,Unprovoked
1932,1932-02-16,2.0,Hawaii,HI,"1 mile off Mala Wharf, Lahaina, Maui",Swimming,False,,M,Two 6-inch lacerations,N,Unprovoked
1932,1932-06-26,6.0,New Jersey,NJ,"Off Ocean City, Cape May County",Fishing,False,,M,Ankle broken when 500-lb boated shark lashed him with its tail PROVOKED INCIDENT,N,Provoked
1932,1932-06-28,6.0,New Jersey,NJ,"10 miles offshore from Sea Isle City, Cape May County",Fishing,False,32.0,M,Knee bitten by boated shark PROVOKED INCIDENT,N,Provoked
1932,1932-08-10,8.0,New Jersey,NJ,"Offshore, between Mantoloking & Point Pleasant, Ocean County",Fishing,False,,M,Hooked shark gashed right leg      PROVOKED INCIDENT,N,Provoked
1933,1933-04-10,4.0,Florida,FL,"Miami Beach, Miami-Dade County",Swimming,False,24.0,M,FATAL,Y,Unprovoked
1933,1933-06-16,6.0,South Carolina,SC,"Folly Island, near Charleston",Standing,False,,F,Left calf bitten,N,Unprovoked
1933,1933-06-21,6.0,South Carolina,SC,North end of Morris Island at mouth of Charleston Harbor,Sitting in 3' of water,False,15.0,M,Right knee & left leg bitten,N,Unprovoked
1933,1933-08-28,8.0,South Carolina,SC,"Pawleys Island, north of Charleston",Bathing,False,,M,Right heel & ankle bitten,N,Unprovoked
1933,1933-08-28,8.0,California,CA,"Hermosa Beach, Los Angeles County","Fishing, caught a 15' shark & took it onboard",False,,M,Severely lacerated arm PROVOKED INCIDENT,N,Provoked
1934,1934-06-20,6.0,Florida,FL,"Melbourne, Brevard County",Standing,False,8.0,M,FATAL,Y,Unprovoked
1934,1934-08-05,8.0,Georgia,GA,"Thunderbolt, Chatham County",Swimming,False,11.0,M,Lacerations to right leg,N,Unprovoked
1935,1935-06-18,6.0,New Jersey,NJ,50 miles offshore,"Fishing for bluefish, shark leapt into dory",False,31.0,M,Arm lacerated by a shark that leapt onto boat ,N,Unprovoked
1935,1935-07-27,7.0,California,CA,Santa Barbara Channel,fishing boat exploded & sank,False,23.0,M,"Although listed as an uprovoked fatal attack by SAF, shark bite on his ankle was post-mortem following death by drowning",Y,Invalid
1935,1935-07-27,7.0,California,CA,Santa Barbara Channel,fishing boat exploded & sank,False,53.0,M,"Although listed as  an uprovoked fatal attack by SAF, he was killed by the explosion. The shark bites were post-mortem ",Y,Invalid
1935,1935-09-21,9.0,North Carolina,NC,"Browns Inlet on New River, Onslow Beach",Swimming,False,38.0,M,"FATAL, thigh bitten ",Y,Unprovoked
1936,1936-03-30,3.0,Florida,FL,"Miami, Miami-Date County",Fishing,False,,M,No injury. His hand entangled in line of hooked shark. He was pulled overboard & towed 150' PROVOKED INCIDENT ,N,Provoked
1936,1936-06-06,6.0,Florida,FL,"Boca Ciega Bay, Pinellas County",Swimming,False,,M,FATAL,Y,Unprovoked
1936,1936-07-12,7.0,New Jersey,NJ,"Long Branch, Monmouth County (offshore)",Fishing for bluefish,False,,,"No injury to occupants, shark leapt onboard boat",N,Boating
1936,1936-07-25,7.0,Massachusetts,MA,"Hollywood Beach, just above Mattapoisett Harbor, Buzzards Bay",Swimming crawl stroke,False,16.0,M,"FATAL, finger severed, thigh bitten He died during the surgical amputation of his leg   ",Y,Unprovoked
1936,1936-09-04,9.0,Hawaii,HI,"Lahaina, Maui",Swimming,False,,M,Leg lacerated,N,Unprovoked
1936,1936-12-30,12.0,Hawaii,HI,"Honokohau, Maui","Diving, attempting to retrieve body of drowning victim wedged between rocks",False,,M,Thigh lacerated,N,Unprovoked
1937,1937-05-30,5.0,Texas,TX,Galveston,Fishing,False,,M,Leg nipped by hooked shark PROVOKED INCIDENT,N,Provoked
1937,1937-06-15,6.0,Texas,TX,Galveston,Swimming,False,14.0,M,FATAL,Y,Unprovoked
1937,1937-11-13,11.0,North Carolina,NC,Off Cape Hatteraa,"Tzenny Chandris, a Greek freighter laden with scrap iron, foundered in heavy weather",False,,M,FATAL ,Y,Sea Disaster
1938,1938-07-17,7.0,California,CA,"Dana Point, Orange County","Fishing, removing gaff from shark's mouth",False,27.0,M,Leg bitten by gaffed shark PROVOKED INCIDENT,N,Provoked
1938,1938-07-18,7.0,South Carolina,SC,Charleston,Swimming,False,,M,Foot & ankle lacerated,N,Unprovoked
1938,1938-08-18,8.0,California,CA,"Near Encino, Los Angeles County",Fishing,False,,M,Lacerations to hand by hooked shark PROVOKED INCIDENT,N,Provoked
1939,1939-05-03,5.0,Virginia,VA,"At sea, several hundred miles south east of Cape Henry, Virginia",Washed off freighter Huncliff by a freak wave,False,,M,"FATAL, attacked by shark, body not recovered ",Y,Unprovoked
1939,1939-07-14,7.0,Texas,TX,"West Bay, 19 miles from Galveston",Seine netting,False,,M,Leg bitten by snared shark PROVOKED INCIDENT,N,Provoked
1939,1939-08-01,8.0,California,CA,"Off San Pedro, Los Angeles County",Fishing,False,33.0,M,Harpooned shark bit his arm PROVOKED INCIDENT,N,Provoked
1939,1939-10-04,10.0,Hawaii,HI,"Kane'ohe Bay, Mokapu, O'ahu",Spearfishing & had just speared a ulua,False,,M,Hand bitten,N,Unprovoked
1940,1940-06-30,6.0,North Carolina,NC,"Holden Beach, Brunswick County",Fishing,False,,M,Thigh lacerated,N,Unprovoked
1940,1940-07-13,7.0,South Carolina,SC,"Folly Beach, Charleston County",Standing,False,,M,Struck by shark immediately before it bit Tanner (see below),N,Unprovoked
1940,1940-07-13,7.0,South Carolina,SC,"Folly Beach, Charleston County",Standing,False,,M,Ankle bitten,N,Unprovoked
1941,1941-03-09,3.0,California,CA,"Santa Monica, Los Angeles County",Fishing,False,53.0,M,Right hand bitten by boated shark PROVOKED INCIDENT,N,Provoked
1941,1941-06-15,6.0,New York,NY,15 miles south of Jones Inlet,Fishing from 32' boat,False,43.0,M,Left hand bitten as he tried to put rope around shark's tail PROVOKED INCIDENT,N,Provoked
1941,1941-07-01,7.0,Hawaii,HI,"Nankuli, O'ahu",Fishing,False,,M,Arm bitten while removing shark from fishing line PROVOKED INCIDENT,N,Provoked
1941,1941-07-22,7.0,New Jersey,NJ,"Brielle, Monmouth County (Offshore)",Fishing for tuna,False,,,"No injury to occupants, shark leapt into boat & bit cabin door",N,Boating
1941,1941-08-01,8.0,South Carolina,SC,Sullivan's Island at entrance to Charleston Harbor,Swimming at edge of channel,False,20.0,M,Chest lacerated,N,Unprovoked
1942,1942-06-04,6.0,Midway Atoll,,,"Plane crashed in water, men in life raft",False,,M,Survived,N,Unprovoked
1943,1943-04-05,4.0,Hawaii,HI,"3 miles from shore off McGregor Point, Maui","Small boat swamped, 4  people swimming to shore but he fell behind the other 3 and vanished",False,,M,On 29-Apr-1943 his remains (right forearm & swim trunks) were found in sharks gut,Y,Invalid
1943,1943-07-18,7.0,Florida,FL,"40 miles off Islamorada, near Cay Sal",Treading water after survivng crash of the US Navy airship K-74 that was hit by the German submarine U-134,False,,M,FATAL,Y,Sea Disaster
1943,1943-10-26,10.0,Florida,FL,Victim was on said to be on tanker that collided off Florida coast on 10-20-1943,,False,,M,"Hand, forearm, leg and pelvis recovered from sharks gut",N,Invalid
1943,1943-12-04,12.0,South Carolina,SC,Off Charleston,The Cuban freighter Libertad was torpedoed and sunk by the German submarine U-129,False,,M,"Of the 18 crew who survived the sinking, 10 were taken by sharks. Cabarrocas was bitten but survived",Y,Sea Disaster
1944,1944-05-31,5.0,Florida,FL,"Atlantic Beach, Mayport,  Duval County",Bathing,False,15.0,F,Left calf bitten,N,Unprovoked
1944,1944-09-03,9.0,Maryland,MD,North Beach,Swimming,False,13.0,M,Laceration to right lower leg,N,Unprovoked
1944,1944-12-02,12.0,Florida,FL,3 miles north of the inlet at Palm Beach,Fishing for mackerel,False,,,"No injury to occupants. After being prodded with an oar, shark struck bow and sank boat PROVOKED INCIDENT",N,Provoked
1945,1945-05-08,5.0,North Carolina,NC,"Ocracoke Inlet, Carteret County",Swimming,False,,M,"FATAL, large gash to thigh",Y,Unprovoked
1945,1945-08-06,8.0,North Carolina,NC,Ocracoke,,False,,,FATAL,Y,Unprovoked
1947,1947-06-27,6.0,Hawaii,HI,"Off Waianae, O'ahu",Fishing,False,35.0,M,"Left forearm, arm & leg lacerated",N,Unprovoked
1947,1947-08-04,8.0,Florida,FL,In a canal 10 miles north of St Augustine,Swimming,False,20.0,M,"FATAL, calf bitten, leg surgically amputated  ",Y,Unprovoked
1948,1948-02-13,2.0,Texas,TX,"Gulf of Mexico between Brownsville & Carmen, Mexico","C47 aircraft carrying 5,000 lbs of ice ditched in the sea",False,,M,"FATAL. Womack was injured when plane went down, 3 days later he fell off liferaft & was taken by a shark  ",Y,Sea Disaster
1948,1948-07-01,7.0,US Virgin Islands,,"St. John, Genti Bay",Swimming,False,46.0,M,FATAL,Y,Unprovoked
1948,1948-09-19,9.0,Hawaii,HI,"Off Makapauu Point, O'ahu",Fishing,False,,M,Survived,N,Unprovoked
1948,1948-09-19,9.0,Hawaii,HI,"Off Makapauu Point, O'ahu",Swimming,False,,M,Leg bitten,N,Unprovoked
1949,1949-07-16,7.0,California,CA,"10 miles off Redondo Beach, Los Angeles County",Fishing,False,16.0,M,Right hand bitten by hooked shark being pulled onboard PROVOKED INCIDENT,N,Provoked
1949,1949-07-25,7.0,South Carolina,SC,"Oketee River, Jasper County",Floating on his back,False,16.0,M,"Abdomen abraded, thigh lacerated",N,Unprovoked
1950,1950-01-16,1.0,Hawaii,HI,"Kahakuloa, Maui","Fishing, one of three fishermen swept into the sea by a large wave",False,,M,"His remains were recovered from a huge shark caught 3 days later. The remains of another fisherman, Harold Fujimoto, were recovered, but the body of the third fisherman, Hideo Tamura, was never found",Y,Invalid
1950,1950-06-06,6.0,Florida,FL,275 miles northeast of Miami,Survived crash of two-engine  C-46 transport plane carrying 62 migrant workers from Puerto Rico to USA,False,25.0,M,"FATAL, bitten five times. Other survivors fought off sharks for 10 hours. One survivor's arm severed by a shark.",Y,Sea Disaster
1950,1950-06-25,6.0,New York,NY,"Beach 103rd Street, Rockaway ",Swimming,False,16.0,M,"Gashes & lacerations on legs, foot lacerated.",N,Unprovoked
1950,1950-07-09,7.0,Texas,TX,Galveston Bay,,False,,M,Human remains found in shark,Y,Invalid
1950,1950-07-10,7.0,Texas,TX,Near Port Arthur,Swimming,False,11.0,M,Laceration to leg,N,Unprovoked
1950,1950-10-28,10.0,California,CA,"Imperial Beach, San Diego County",Body surfing / treading water,True,31.0,M,Right leg lacerated,N,Unprovoked
1951,1951-06-25,6.0,Hawaii,HI,"Kapehu Beach, Laupahoehoe, Hawai'i",Swept out to sea while fishing,False,,M,"FATAL, victim seen in shark's mouth",Y,Unprovoked
1952,1952-05-27,5.0,California,CA,"Imperial Beach, San Diego County",Swimming on surface,True,,M,Foot & swimfin bitten,N,Unprovoked
1952,1952-07-05,7.0,Puerto Rico,PR,"Mona Island, 40 miles west of the mainland ","Spearfishing, carrying fish on spear",False,,M,Leg lacerated & bone fractured ,N,Unprovoked
1952,1952-07-13,7.0,California,CA,"San Diego, San Diego County",Fishing,False,34.0,M,Part of hand removed by shark he had caught PROVOKED INCIDENT,N,Provoked
1952,1952-07-27,7.0,Florida,FL,"Panacea, Wakulla County",Fishing for trout,False,,,No injury to occupants. Shark chasing fish leapt into skiff & flopped out,N,Boating
1952,1952-07-27,7.0,South Carolina,SC,Seabrook Beach,Fishing,False,43.0,M,Finger bitten by hooked shark PROVOKED INCIDENT,N,Provoked
1952,1952-07-27,7.0,California,CA,"Off Santa Monica, Los Angeles County",Boat exploded,False,,M,FATAL & some of the survivors were bitten by sharks  ,Y,Sea Disaster
1952,1952-07-27,7.0,South Carolina,SC,Seabrook Beach,Fishing,False,34.0,M,Thumb bitten by hooked shark PROVOKED INCIDENT,N,Provoked
1952,1952-08-03,8.0,Hawaii,HI,"Between Ala Moana Channel & Kewalo Basin, O'ahu",Swimming,False,,M,"FATAL, disappeared while swimming, shark bite found on right side of body",Y,Unprovoked
1952,1952-12-03,12.0,Hawaii,HI,"Maile Beach, O'ahu",Swimming from fishing boat setting nets,False,40.0,M,"FATAL, left arm severed below the elbow ",Y,Unprovoked
1952,1952-12-07,12.0,California,CA,"Pacific Grove, Monterey Bay, Monterey County",Body surfing & treading water,True,17.0,M,"FATAL, leg lacerated  ",Y,Unprovoked
1953,1953-02-18,2.0,Hawaii,HI,"Barbers Point, O'ahu",Bitten while cutting shark from net,False,,M,Hand bitten  PROVOKED INCIDENT  ,N,Provoked
1953,1953-04-04,4.0,Texas,TX,South Padre Island,Swimming,False,19.0,F,Lacerations to right foot,N,Unprovoked
1953,1953-07-04,7.0,Hawaii,HI,Kaula Rock near Niihau ,Accidentally dragged overboard from the sampan Holokahana into school of yellowfin tuna,False,,M,"Shark made 3 passes at him, lacerating his calf, shin and ankle ",N,Unprovoked
1953,1953-07-15,7.0,Florida,FL,"Juno Beach, Palm Beach County",Standing,False,26.0,F,Lower left leg severely bitten,N,Unprovoked
1953,1953-07-16,7.0,California,CA,"Santa Catalina Island, Los Angeles County",Fishing from market fishboat Sea Spray,False,,M,Arm bitten by hooked shark PROVOKED INCIDENT,N,Provoked
1953,1953-07-26,7.0,Hawaii,HI,"Maile Beach, O'ahu",Spearfishing,False,15.0,M,"FATAL, thigh bitten",Y,Unprovoked
1953,1953-09-02,9.0,Hawaii,HI,"Waiau, Pearl Harbor, O'ahu",Crabbing,False,,M,Leg & foot bitten,N,Unprovoked
1953,1953-09-18,9.0,Georgia,GA,200 miles east of Savannah,Aircaft exploded,False,,M,Hand bitten,N,Sea Disaster
1954,1954-04-08,4.0,Hawaii,HI,"Wailupe, O'ahu",Fishing from shore,False,,M,"Body recovered, mutilated by shark/s",Y,Invalid
1954,1954-06-29,6.0,California,CA,"Santa Monica, Los Angeles County",Grabbed shark & threw it on deck,False,35.0,M,Right elbow & forearm lacerated  PROVOKED INCIDENT,N,Provoked
1954,1954-09-21,9.0,California,CA,"La Jolla, San Diego County",Swimming,False,35.0,M,Minor bruises & abrasions on leg,N,Unprovoked
1954,1954-10-07,10.0,Virginia,VA,150 miles off Cape Henry,"American freighter Mormackite, bound from Buenos Aires for Baltimore, capsized & sank in heavy seas",False,,M,Rescue aircraft saw bodies in the water being bitten by sharks. One survivor saw a shark take off a mans leg & another reported that the second cook was killed by a shark,Y,Sea Disaster
1954,1954-11-20,11.0,Wake Island,,Wilkes Islet Lagoon (Pacific Ocean north of the Marshall Islands),Spearfishing,False,,M,Shoulder bitten,N,Unprovoked
1955,1955-02-06,2.0,California,CA,"Pacific Grove, Monterey County",Spearfishing,False,19.0,M,"Swimfin & 2 wool socks removed by shark, suit torn",N,Unprovoked
1955,1955-02-10,2.0,California,CA,"Trinidad Bay, Humboldt County",Scuba diving,False,,M,"No injury, shark bumped diver's face",N,Unprovoked
1955,1955-05-08,5.0,California,CA,"Malibu, Los Angeles County",Spearfishing,False,28.0,M,Diver hit shark & right forearm slightly injured PROVOKED INCIDENT,N,Provoked
1955,1955-06-23,6.0,Rhode Island,RI,Occupasstuxet  (Patuxent) Cove,Wading,False,13.0,M,Bites on legs & thighs,N,Unprovoked
1955,1955-08-30,8.0,California,CA,"Zuma Beach, Santa Monica, Los Angeles County",Surfing,True,25.0,M,"Surfer grabbed shark, which turned & bit him and 2 lifeguards PROVOKED INCIDENT",N,Provoked
1955,1955-09-03,9.0,California,CA,"Venice Beach, Los Angeles County",,False,,M,Minor injury,N,Unprovoked
1955,1955-09-04,9.0,California,CA,"Venice Beach, Los Angeles County",Swimming near breakwater,False,16.0,M,Dorsum of right foot lacerated,N,Unprovoked
1955,1955-09-20,9.0,Hawaii,HI,East Moloka'i,Hunting turtle,False,,M,Arm bitten,N,Unprovoked
1955,1955-12-11,12.0,Florida,FL,½ mile offshore & 9 miles north of Fort Pierce,Fishing for pompano,False,,,"No injury to occupants, shark released from net holed boat",N,Boating
1956,1956-07-12,7.0,South Carolina,SC,"Isle of Palms, Charleston County",Swimming,False,7.0,M,Arm & leg injured,N,Unprovoked
1956,1956-07-17,7.0,Florida,FL,"Miami Beach, Miami-Dade County",Wading,False,38.0,F,Lacerations to legs,N,Unprovoked
1956,1956-07-26,7.0,California,CA,"Van Ness Municipal Pier, San Francisco",Fishing,False,38.0,M,Finger bitten by hooked shark PROVOKED INCIDENT,N,Provoked
1956,1956-07-28,7.0,Puerto Rico,PR,Aquadilla,Floating in inner tube,False,13.0,M,FATAL. His brother speared a shark which then attacked Jose & severed his leg at knee. PROVOKED INCIDENT  ,Y,Provoked
1956,1956-08-15,8.0,California,CA,"Pismo Beach, San Luis Obispo County",Swimming near pier,False,10.0,M,"Lacerated thigh, hand & shoulder",N,Unprovoked
1956,1956-09-23,9.0,Florida,FL,"Daytona Beach, Volusia County",Surf fishing,False,27.0,M,Posterior left ankle bitten,N,Unprovoked
1957,1957-02-05,2.0,Florida,FL,"South Beach, Fort Pierce, St Lucie County",Floating,False,,M,Foot bitten,N,Unprovoked
1957,1957-04-22,4.0,Florida,FL,"Ormond Beach, Volusia County",Standing,False,17.0,M,Ankle injured by shark trapped in pool as it tried to get out PROVOKED INCIDENT  ,N,Provoked
1957,1957-04-28,4.0,California,CA,"Atascadero Beach, Morro Bay, San Luis Obispo County",Swimming,False,25.0,M,"FATAL, seen with arm in mouth of shark. Body not recovered.  ",Y,Unprovoked
1957,1957-07-15,7.0,North Carolina,NC,"Salter Path, Atlantic Beach, Carteret County",Swimming,False,57.0,M,"FATAL, knee bitten  ",Y,Unprovoked
1957,1957-07-24,7.0,California,CA,"La Jolla, San Diego County",Spearfishing on Scuba,False,,M,Diver jabbed shark with spear and it make a threat display. No injury PROVOKED INCIDENT,N,Provoked
1958,1958-02-01,2.0,US Virgin Islands,,Water Island,Spearfishing on Scuba,False,18.0,M,Chest bitten by speared shark PROVOKED INCIDENT,N,Provoked
1958,1958-04-30,4.0,Florida,FL,1 mile off Miami Beach,Free diving,False,29.0,M,"Grabbed sharks tail, shark bit his thigh PROVOKED INCIDENT",N,Provoked
1958,1958-06-17,6.0,Florida,FL,Key Biscayne,"Swimming, towing the shark",False,,M,Thigh bitten PROVOKED INCIDENT,N,Provoked
1958,1958-06-24,6.0,Florida,FL,"Turtle Beach, Siesta Key, Sarasota County",Walking,False,17.0,M,Lower left leg & foot bitten,N,Unprovoked
1958,1958-06-26,6.0,Florida,FL,"Sanibel Island, Lee County",Wading,False,59.0,M,Right foot bitten when he walked into shark's head PROVOKED INCIDENT,N,Provoked
1958,1958-07-02,7.0,Florida,FL,"Siesta Key, Sarasota County",Free diving,False,20.0,M,"He grabbed shark, it bit his leg below the knee PROVOKED INCIDENT",N,Provoked
1958,1958-07-10,7.0,Florida,FL,"Key West, Monroe County",,False,35.0,M,FATAL  Autopsy report: bitten by shark while still alive,Y,Unprovoked
1958,1958-07-27,7.0,Florida,FL,"9 miles north of Turtle Beach, Siesta Key, Sarasota County","Swimming, ducking for shells in water 0.9 m deep",False,12.0,M,3 lacerations on leg,N,Unprovoked
1958,1958-07-27,7.0,Florida,FL,"Longboat Key, Sarasota, Sarasota County","Swimming, ducking for shells in water 0.9 m deep",False,8.0,M,"Left hand and  leg bitten, leg surgically amputated below hip",N,Unprovoked
1958,1958-09-01,9.0,New York,NY,Staten Island,Spearfishing,False,20.0,M,Bitten by harpooned shark PROVOKED INCIDENT,N,Provoked
1958,1958-10-05,10.0,Florida,FL,"Baker's Haulover, Miami Beach",,False,60.0,M,No injury,N,Unprovoked
1958,1958-10-12,10.0,California,CA,"Coronado Strand, San Diego County",Swimming near jetty,False,15.0,M,"Left arm, hips & leg lacerated",N,Unprovoked
1958,1958-11-05,11.0,California,CA,"Pacific Beach, San Diego County",Fishing,False,,,"No injury to occupant, shark chasing barracuda tied to the stern rammed skiff & slashed the motor",N,Boat
1958,1958-12-13,12.0,Hawaii,HI,"Near Twin Islands off Lanikai, O'ahu (east coast)",Surfing on air mattress,True,15.0,M,"FATAL, leg severed  ",Y,Unprovoked
1959,1959-03-29,3.0,Florida,FL,"Vaca Cut Channel & bridge under Marathon, Monroe County",Swimming,False,13.0,M,"Bumped, then knee bitten",N,Unprovoked
1959,1959-04-09,4.0,Hawaii,HI,"Hilo, off Kaua'i",Fishing,False,,M,Survived,N,Unprovoked
1959,1959-05-03,5.0,Florida,FL,"Panama City, Bay County",Spearfishing,False,19.0,M,Lacerated hip & hands,N,Unprovoked
1959,1959-05-07,5.0,California,CA,"Baker Beach, San Francisco County",Treading water,False,18.0,M,"FATAL, left arm bitten, right arm partly severed, deep lacerations of left shoulder & chest ",Y,Unprovoked
1959,1959-05-16,5.0,Florida,FL,"Indian Rocks Beach, Clearwater, Pinellas County",,False,37.0,F,Minor injuries,N,Unprovoked
1959,1959-06-13,6.0,California,CA,"Dillon Beach, Marin County",Swimming,False,,,"Disappeared after diving in deep hole, body not recovered, presumed taken by a shark ",Y,Invalid
1959,1959-06-14,6.0,California,CA,"La Jolla, San Diego County",Free diving for abalone,False,33.0,M,"FATAL, body not recovered",Y,Unprovoked
1959,1959-07-02,7.0,Florida,FL,"Delray Beach, Palm Beach County",Free diving,False,13.0,M,Arm bitten when he grabbed sharks tail  PROVOKED INCIDENT,N,Provoked
1959,1959-07-23,7.0,California,CA,"Off La Jolla Cove, San Diego County",Fishing,False,,,"No injury to occupant, shark rammed boat",N,Boat
1959,1959-07-23,7.0,California,CA,"Venice Beach, Los Angeles County",Dragging stranded shark ashore,False,,M,"Gietel grabbed the shark's tail, the shark lacerated his right ankle PROVOKED INCIDENT",N,Provoked
1959,1959-07-25,7.0,California,CA,"Mission Beach, San Diego County",,False,21.0,,No injury to occupant,N,Boat
1959,1959-07-28,7.0,California,CA,"Alligator Head, La Jolla, San Diego County",Spearfishing (but on surface),True,25.0,M,"14 punctures on right thigh, swim trunks torn",N,Unprovoked
1959,1959-07-30,7.0,California,CA,"In kelp beds off La Jolla, San Diego County",Pulling anchor,False,,,"No injury to occupants, shark charged boat after being shot twice with pistol and speared PROVOKED INCIDENT",N,Provoked
1959,1959-08-05,8.0,California,CA,"Hermosa Beach, Los Angeles County",Wading,False,,M,"No injury, no attack, the shark merely circled him.",N,Invalid
1959,1959-08-10,8.0,Georgia,GA,"Savannah Beach, Savannah, Chatham County",Standing,False,15.0,F,"4"" cut on left foot ",N,Unprovoked
1959,1959-08-13,8.0,California,CA,"LaJolla, San Diego County","Spearfishing with Joe Turner (24). Shark attracted to speared halibut on belt of one diver, tried to bite Ides speargun & he shot it in the mouth",False,32.0,M,"No injury, PROVOKED INCIDENT",N,Provoked
1959,1959-08-14,8.0,South Carolina,SC,Charleston,Fishing,False,,M,Laceration to forearm by boated shark PROVOKED INCIDENT,N,Provoked
1959,1959-08-15,8.0,Florida,FL,"Panama City, Bay County",Spearfishing on Scuba,False,26.0,M,"FATAL, disappeared, dive gear & clothing found with teethmarks, presumed taken by a shark  ",Y,Unprovoked
1959,1959-08-15,8.0,Florida,FL,"Panama City, Bay County",Diving,False,21.0,M,No injury,N,Invalid
1959,1959-09-02,9.0,New York,NY,"Oak Beach, Fire Inlet",On inflatable raft,False,,M,No injury,N,Invalid
1959,1959-09-26,9.0,Florida,FL,"Off Port Everglades, Broward County","Adrift, hanging onto cushion, after his 17' skiff ran out of gas & capsized 3 miles from shore",False,30.0,M,"During the night both hands and feet were bitten, rescued next day after spending 17 hours in the sea.",N,Sea Disaster
1959,1959-09-26,9.0,South Carolina,SC,"Albergotti Creek, near Air Station boat docks, Beaufort",Gigging for flounder,False,,,,,Boat
1959,1959-10-04,10.0,California,CA,"Bodega Rock, Sonoma County",Diving for abalone,False,30.0,M,"Ankle twisted, swim fin bitten",N,Unprovoked
1959,1959-11-10,11.0,California,CA,"Near Paradise Cove, Malibu, Los Angeles County",Swimming at surface through school of feeding 2.5' to 5 sharks,True,21.0,M,Forearm bitten,N,Unprovoked
1959,1959-11-16,11.0,Louisiana,LA,120 miles southeast of New Orleans,National Airlines DC7B enroute from Miami to Los Angeles with 42 or 46 people on board went down in heavy fog,False,,,Body recovery efforts were hampered by large sharks but sharks did not cause the deaths. ,Y,Invalid
1960,1960-02-03,2.0,Hawaii,HI,Maui,S2F-1 airplane crashed immediately after carrier take-off,False,,,"Of crew of 4, only 1 person survived (broken legs but no shark bites). Within 20 minutes of his rescue large sharks were in area. No remains of other 3 crew recovered, and shark involvement in their deaths is questionable. ",Y,Invalid
1960,1960-02-27,2.0,Hawaii,HI,"Between Keawakapu & Makena, Maui",Spearfishing,False,36.0,M,Left forearm lacerated,N,Invalid
1960,1960-03-31,3.0,Florida,FL,"Off Boca Raton Hotel & Club, Boca Raton, Palm Beach County",Treading water,False,42.0,M,"Ankle bitten, hand injured while striking shark",N,Unprovoked
1960,1960-04-24,4.0,California,CA,"Tomales Point, Marin County",Skindiving for abalone (but at surface),True,48.0,M,Foot & swim fin bitten ,N,Unprovoked
1960,1960-05-16,5.0,Florida,FL,"Lignum Vitae Channel, Florida Keys, Monroe County",,False,,,"No injury, harpooned shark bit hull, leaving tooth fragments. PROVOKED INCIDENT",N,Provoked
1960,1960-05-19,5.0,California,CA,"Aptos, Santa Cruz County",Swimming,False,16.0,F,"Left leg bitten, surgically amputated below the knee",N,Unprovoked
1960,1960-06-04,6.0,Georgia,GA,"North picnic area, Jekyll Island, Glynn County",Swimming,False,24.0,M,Lower left leg & foot bitten,N,Unprovoked
1960,1960-06-07,6.0,California,CA,"10 miles off Santa Barbara, Santa Barbara County","Testing classified underwater electronic gear for Raytheon Corporation, vessel torn apart by explosion",False,37.0,M,"Legs & arms bitten, coroner unable to determine if injuries occurred before death.",N,Invalid
1960,1960-06-24,6.0,Florida,FL,"2 miles east of Dania Beach, Broward County",Scuba diving,False,39.0,M,"No injury, shark harrassed diver & attempted to bite his swimfins",N,Unprovoked
1960,1960-06-29,6.0,South Carolina,SC,"Little River Beach, Horry County",Surf fishing,False,,M,"Lacerations to calf, wrist & thumb by hooked shark. PROVOKED INCIDENT",N,Provoked
1960,1960-07-03,7.0,Virginia,VA,Hog Island,"Fishing, tossing netted shark onboard",False,41.0,M,Right arm bitten  PROVOKED INCIDENT,N,Provoked
1960,1960-07-05,7.0,Mississippi,MS,Mississippi City,Pulling raft out to ride to shore,False,17.0,M,Leg bitten,N,Unprovoked
1960,1960-08-04,8.0,Delaware,DE,"Mispillion Light, Delaware Bay","Fishing, Struck by another shark when removing shark from line",False,46.0,M,Hand lacerated,N,Unprovoked
1960,1960-08-10,8.0,Florida,FL,Key Largo Sound,Holding shark on leader & dangling it above the water,False,15.0,M,Right hand bitten by hooked shark PROVOKED INCIDENT,N,Provoked
1960,1960-08-21,8.0,New Jersey,NJ,"Sea Girt, Monmouth County",Standing in knee-deep water,False,24.0,M,"Lower right leg bitten, surgically amputated 10 days later",N,Unprovoked
1960,1960-08-22,8.0,New Jersey,NJ,"Seaside Park, Ocean County",,False,14.0,M,Knee ripped to bone,N,Unprovoked
1960,1960-08-24,8.0,Connecticut,CT,"Off Eames Monument, Bridgeport, Fairfield County",Free diving,False,38.0,M,Superficial laceration of left arm,N,Unprovoked
1960,1960-08-25,8.0,Texas,TX,30 miles east of Corpus Christi,Aircraft crashed into sea,False,,M,"Partial human remains spotted by helicopter, shark involvement, if any, may have been post-mortum",Y,Invalid
1960,1960-08-30,8.0,New Jersey,NJ,"Ocean City, Cape May County",Swimming 3 miles offshore,False,25.0,M,Right leg severely lacerated,N,Unprovoked
1960,1960-09-24,9.0,South Carolina,SC,"Atlantic Beach, Horry County",Fishing inside net,False,,M,"Multiple superficial lacerations of leg, arm & hand PROVOKED INCIDENT",N,Provoked
1960,1960-10-25,10.0,California,CA,"Off Point Mugu, Ventura County",Ejected from F3H-2 aircraft,False,36.0,M,"No injury, shark hit his foot & circled",N,Sea Disaster
1960,1960-11-22,11.0,Florida,FL,"Hutchinson Island Beach, Martin County","Fell overboard, prop slashed arm",False,51.0,F,"FATAL, probable drowning & post mortem scavenging",Y,Invalid
1960,1960-12-27,12.0,Hawaii,HI,"Maile Point, O'ahu",Swept out to sea while net fishing,False,,M,"FATAL  Shark seen attacking Riley, body recovered off Nanakuli",Y,Unprovoked
1961,1961-02-17,2.0,Pennsylvania,,"Fairmount Park Aquarium, Philadelphia",Cleaning a tank,False,30.0,M,Thumb lacerated by captive shark PROVOKED INCIDENT,N,Provoked
1961,1961-04-16,4.0,Florida,FL,"Fowey Rock Light, Miami",Spearfishing,False,22.0,M,Thigh bitten,N,Unprovoked
1961,1961-04-30,4.0,Florida,FL,Palm Beach County,Splashing,False,10.0,M,Abdomen abraded,N,Invalid
1961,1961-05-15,5.0,Florida,FL,"Laguna Beach, Bay County",Walking in chest-deep water,False,52.0,M,Middle finger of left hand & right forearm lacerated,N,Unprovoked
1961,1961-05-21,5.0,California,CA,"Tomales Point, Marin County",Free diving for abalone,False,20.0,M,"No injury, wetsuit bitten",N,Unprovoked
1961,1961-06-18,6.0,Florida,FL,"Jensen Beach, Martin County",Standing,False,25.0,M,Lacerations to left leg,N,Unprovoked
1961,1961-06-24,6.0,Florida,FL,"500 yards from Fowey Rock Light, 9 miles east of Key Biscayne, Miami",Scuba diving & spearfishing,False,23.0,M,"FATAL, arm severed & left side of torso removed ",Y,Unprovoked
1961,1961-07-29,7.0,New York,NY,Whitewood Point on Lloyd Neck in Oyster Bay,Spearfishing,False,57.0,M,Puncture wound on right shin & fingers lacerated by speared shark PROVOKED INCIDENT,N,Provoked
1961,1961-08-02,8.0,Hawaii,HI,"Pearl Harbor Channel, O'ahu","Net fishing, picking catch from the net",False,38.0,M,Hand bitten,N,Unprovoked
1961,1961-08-16,8.0,South Carolina,SC,"Pawleys Island, Georgetown County",Wading,False,19.0,M,"Right arm bitten. Left leg bitten, surgically amputated ",N,Unprovoked
1961,1961-08-20,8.0,California,CA,"Portuguese Beach at mouth of Salmon Creek, Sonoma County",Swimming,False,16.0,M,"Foot, leg  & groin lacerated",N,Unprovoked
1961,1961-09-26,9.0,Florida,FL,"Florida Keys, Monroe County",,False,16.0,M,Foot & lower leg abraded and lacerated when he kicked the shark PROVOKED INCIDENT,N,Provoked
1961,1961-10-09,10.0,Florida,FL,"Ocean Ridge, Boca Raton, Palm Beach County",Swimming,False,45.0,M,"Skeletonized, but shark involvement may have occurred after death.",Y,Invalid
1962,1962-01-14,1.0,California,CA,Farallon Islands,Spearfishing / Scuba diving (at surface),True,29.0,M,Buttock bitten & major leg wound,N,Unprovoked
1962,1962-05-12,5.0,California,CA,"8 miles off Newport Beach, Orange County",25-foot cabin cruiser Happy Jack sank in heavy seas,False,,,Bodies of 5 of the 6 men on board were bitten by by sharks. Sharks may have contributed to the death of some of them.,Y,Sea Disaster
1962,1962-05-29,5.0,Florida,FL,"Jupiter, Palm Beach County",,False,17.0,M,Bitten on leg or ankle,N,Unprovoked
1962,1962-06-03,6.0,Florida,FL,"Riviera Beach, near Palm Beach Inlet, Palm Beach County",Free diving,False,31.0,M,Left foot bitten,N,Unprovoked
1962,1962-06-04,6.0,California,CA,"12' tank at Steinhart Aquarium, San Francisco","Scuba diving, attempting to catch a captive shark",False,55.0,M,Right forearm bitten PROVOKED INCIDENT,N,Provoked
1962,1962-06-10,6.0,South Carolina,SC,"Hilton Head, Beaufort County",Standing,False,13.0,M,Thigh bitten,N,Unprovoked
1962,1962-06-11,6.0,California,CA,San Francisco Bay,Escaping from Alacatraz,False,35.0,M,"FATAL, but shark involvement uncomfirmed. Death may have been due to drowning.",Y,Unprovoked
1962,1962-06-11,6.0,California,CA,San Francisco Bay,Escaping from Alacatraz,False,32.0,M,"FATAL, but shark involvement uncomfirmed. Death may have been due to drowning.",Y,Unprovoked
1962,1962-06-11,6.0,California,CA,San Francisco Bay,Escaping from Alacatraz,False,31.0,M,2 toes bitten off ,N,Unprovoked
1962,1962-06-17,6.0,Florida,FL,"New Smyrna Beach, Volusia County",Rolled off raft,False,11.0,M,"8"" laceration on left calf",N,Unprovoked
1962,1962-06-25,6.0,Florida,FL,"Fernandina Beach, Nassau County",U.S. Airforce crewman reported missing after bailing out of jet,False,,M,FATAL,Y,Invalid
1962,1962-07-07,7.0,Georgia,GA,"Jekyll Island, Glynn County",Dived from inner-tube,False,13.0,M,Laceration on hand,N,Unprovoked
1962,1962-07-10,7.0,Georgia,GA,"St. Simons Island or Jeykll Island, Glynn County",Playing in surf with his child  (9),True,41.0,M,"Cuts on fingers, hand & wrist",N,Unprovoked
1962,1962-07-19,7.0,California,CA,30 miles south of San Clemente Island,Fishing for albacore,False,19.0,M,"2 lacerations on left hand by hooked shark, PROVOKED INCIDENT",N,Provoked
1962,1962-07-28,7.0,South Carolina,SC,"Off Hilton Head, Beaufort County ",Standing,False,21.0,M,Lacerations on left foot & hand,N,Unprovoked
1962,1962-08-12,8.0,New Jersey,NJ,"Manasquan, Ocean County",Standing,False,24.0,M,Left thigh & hand bitten,N,Unprovoked
1962,1962-08-19,8.0,Texas,TX,"Off Andy Bowie Park, Padre Island, near Port Isabel",Surf fishing in waist-deep water,False,40.0,M,"FATAL, lower right leg bitten",Y,Unprovoked
1962,1962-08-26,8.0,Florida,FL,6 miles north of Palm Beach,,False,,,"No injury to occupants, sharks tore Max Butcher's life jacket & pants",N,Boat
1962,1962-08-29,8.0,California,CA,"Solana Beach, San Diego County",Diving for abalone,False,39.0,M,"Struck shark with abalone bar to scare it away from abalone, but shark bit his shoulder  PROVOKED INCIDENT",N,Provoked
1962,1962-10-06,10.0,California,CA,2 miles off Santa Catalina Island,"Overcome by CO fumes, fell overboard from 36' fishing cruiser & prop slashed arm",False,43.0,F,Drowned due to CO2 poisoning - Post Mortem Scavaging,N,Invalid
1962,1962-11-11,11.0,California,CA,Farallon Islands,Spearfishing / Scuba diving (at surface),True,24.0,M,"Arm, hand, buttock, leg and thigh bitten",N,Unprovoked
1963,1963-02-04,2.0,Florida,FL,Off Key West,"S.S. Marine Sulphur Queen, laden with molten sulphur was bound from Beaumont, Texas for Norfolk, VA, when she disappeared with 39 on board",False,,M,Shark involvement unconfirmed. Two shark-bitten lifejackets were recovered leading to speculation that sharks took at least 2 of the 39 missing crewmen,Y,Invalid
1963,1963-04-08,4.0,Hawaii,HI,"Hapuna Beach, Hawai'i",Washed into sea while picking opihi,False,,M,"May have drowned prior to shark involvement, partial remains recovered",Y,Invalid
1963,1963-04-12,4.0,Hawaii,HI,"Awili, South Kona, Hawai'i",Surfing,True,15.0,M,Left foot & leg bitten,N,Unprovoked
1963,1963-04-20,4.0,US Virgin Islands,,"St. Thomas, Magens Bay",Swimming,False,25.0,M,"FATAL, hand severed, shoulder, hip, foot, thigh bitten & femoral artery severed  ",Y,Unprovoked
1963,1963-05-18,5.0,California,CA,San Mateo County,Swimming,False,,M,3 lacerations below right knee,N,Invalid
1963,1963-07-11,7.0,Mississippi,MS,Horn Island,"Fishing, on charter boat Silver Dollar",False,24.0,M,"Cuts on right hand, PROVOKED INCIDENT",N,Provoked
1963,1963-07-15,7.0,Florida,FL,"New Smyrna Beach, Volusia County",Bathing,False,14.0,M,"Left forearm bitten, surgically amputated?",N,Unprovoked
1963,1963-09-10,9.0,Florida,FL,"Snapper Point Jetty, Miami, Dade County","Spearfishing, pulled sharks tail",False,16.0,M,Minor injury to left forearm  PROVOKED INCIDENT,N,Provoked
1963,1963-09-26,9.0,Florida,FL,100 miles offshore,"Commercial fishing vessel, Ev-nn, struck object & sank. Ken Crosby and  Jame & Ann Dumas adrift on makeshift raft.",False,25.0,,Sharks tried to overturn raft and took Mrs. Dumas' body; scavenging by shark/s,Y,Invalid
1963,1963-10-16,10.0,Florida,FL,"Biltmore Beach, near Panama City","Surf fishing, wading",False,28.0,M,"Right thigh &  foot bruised, right calf  lacerated",N,Unprovoked
1963,1963-11-12,11.0,Florida,FL,"8 miles south of Elliot Key, Miami-Dade County",Testing anti-shark cage,False,,M,No injury PROVOKED INCIDENT,N,Provoked
1964,1964-01-11,1.0,California,CA,Southeast Farallon Island,Spearfishing / Scuba diving (at surface),True,21.0,M,Leg & thigh bitten,N,Unprovoked
1964,1964-03-05,3.0,Florida,FL,"Fort Lauderdale, Broward County",Skin diving,False,38.0,M,"Minor injury, abdomen abraded when he collided with the shark",N,Unprovoked
1964,1964-06-24,6.0,California,CA,"Long Beach, Los Angeles County",Fishing,False,,,"No injury to occupants, shark crashed through windshield of boat",N,Boat
1964,1964-06-28,6.0,New York,NY,Long Island,Attempting to swim across the Atlantic Ocean,False,29.0,F,"Disappeared, probable drowning but sharks in area led to speculation that she was taken by a shark",Y,Invalid
1964,1964-07-08,7.0,Florida,FL,"Palm Beach, Palm Beach County",Tagging sharks,False,,M,"No injury to occupant, hooked shark rammed & bit boat PROVOKED INCIDENT",N,Provoked
1964,1964-07-15,7.0,Connecticut,CT,"3 days out of Old Saybrook, Connecticut, 37.04'N, 67.57'W, Southern fringe of Gulf Stream","Yacht Gooney Bird foundered, 4 survivors on raft",False,,,"No injury, no attack; sharks ate their food tied to a line over the side of the raft",N,Invalid
1964,1964-07-27,7.0,Puerto Rico,PR,,,False,22.0,M,Arm lacerated by speared shark PROVOKED INCIDENT,N,Provoked
1964,1964-08-08,8.0,Florida,FL,"2 miles off Jupiter, Palm Beach County",Spearfishing using scuba,False,28.0,M,"No injury, shark hit scuba tank",N,Unprovoked
1964,1964-08-21,8.0,Florida,FL,"Panama City, Bay County",Swimming,False,,M,"No injury,  bumped repeatedly",N,Unprovoked
1964,1964-08-22,8.0,Florida,FL,5 miles south of Palm Beach,Spearfishing / free diving,False,18.0,M,3 m to 3.7 m [10' to 12']  great hammerhead shark shark only made a threat display. No injury,N,Invalid
1964,1964-08-26,8.0,Florida,FL,"Hollywood Beach, Broward County",Swimming,False,14.0,M,Bruised & abraded ankle,N,Unprovoked
1964,1964-10-25,10.0,Florida,FL,"Near US Air Force Base at Elgin, Okaloosa County",Boat Miss Becky  sank 12 miles from shore,False,,,"No injury to occupants, drove sharks away with paddles",N,Invalid
1964,1964-11-05,11.0,Puerto Rico,PR,,Longline fishing,False,,,"No injury to occupant, shark bit propeller of outboard motor",N,Boat
1965,1965-01-25,1.0,California,CA,"Newport Beach, Orange County",Motor boat Rebel Belle lost,False,21.0,M,"Puncture marks on chest may have been post mortem, 4 other bodies in area were undamaged",Y,Invalid
1965,1965-02-04,2.0,Massachusetts,MA,"Granite Pier, Rockport",Scuba diving,False,18.0,M,Punctures on left thigh,N,Unprovoked
1965,1965-03-14,3.0,Florida,FL,"Pompano Beach, Palm Beach County",Free diving,False,16.0,M,Survived,N,Unprovoked
1965,1965-03-23,3.0,Puerto Rico,PR,60 miles offshore north of San Juan,Aircraft exploded,False,,M,"All 16 onboard perished, recovery efforts hampered by sharks",N,Invalid
1965,1965-04-04,4.0,Florida,FL,"Juno Beach, Palm Beach County",Paddling on surfboard,True,17.0,M,Left hand punctured & lacerated,N,Unprovoked
1965,1965-04-10,4.0,Florida,FL,American Shoals off Key West,Spearfishing,False,28.0,M,Left hand severely lacerated,N,Unprovoked
1965,1965-04-25,4.0,California,CA,"Pacifica, San Mateo County",Surfing,True,19.0,M,Drowned & his body was not recovered. Sharks seen in area later that day but no shark involvement in surfer's death,Y,Invalid
1965,1965-04-29,4.0,Florida,FL,"Hobe Sound, Martin County",,False,49.0,M,"Thighs abraded, puncture wounds in dorsal surface of left hand",N,Unprovoked
1965,1965-06-18,6.0,Florida,FL,150 miles southeast of Cape Kennedy,"Diving, retrieving film package from Titan 3C rocket",False,,M,"No injury, chased by 4.6 m [15'] oceanic whitetip sharks",N,Invalid
1965,1965-06-19,6.0,Florida,FL,"In front of Key Biscayne Beach Club, Key Biscayne",Wading,False,6.0,M,Parallel lacerations on right calf. Thought to be a barracuda bite ,N,Invalid
1965,1965-08-26,8.0,New Jersey,NJ,"Steel Pier, Atlantic City, Atlantic County",Swimming,False,15.0,M,Right thigh lacerated,N,Unprovoked
1966,1966-01-05,1.0,Florida,FL,"Hollywood, Broward County",Swimming,False,35.0,M,Thigh gashed,N,Unprovoked
1966,1966-01-22,1.0,California,CA,"Pebble Beach, Cypress Point, Monterey County",Free diving / spearfishing (resting on the surface),True,29.0,M,"Hand, arm & thigh bitten",N,Unprovoked
1966,1966-04-08,4.0,Puerto Rico,PR,,Swimming,False,25.0,M,Foot lacerated,N,Unprovoked
1966,1966-05-16,5.0,Florida,FL,"Fernandina Beach, Nassau County",Spearfishing / Scuba diving,False,24.0,M,"White shark, 3.7 m [12']  made threat display. No injury, no attack",N,Invalid
1966,1966-06-04,6.0,Texas,TX,Bolivar Peninsula,Swimming,False,18.0,M,Punctures on  thigh & buttock,N,Unprovoked
1966,1966-06-11,6.0,Florida,FL,"Ft. Lauderdale, Broward County",Fishing,False,18.0,M,Hand & forearm bitten by hooked shark PROVOKED INCIDENT,N,Provoked
1966,1966-06-22,6.0,New Jersey,NJ,"Reeds Bay, Brigantine, Atlantic County",Clamming,False,15.0,M,3 lacerations on  right leg by speared fish PROVOKED INCIDENT,N,Provoked
1966,1966-07-03,7.0,Florida,FL,"Key Biscayne, Miami, Dade County",Free diving,False,46.0,M,No injury. A 1.1 m [3.5'] blacktip shark shark made a threat display & bit gig,N,Invalid
1966,1966-07-17,7.0,Texas,TX,"Point Comfort, Calhoun County",Fishing,False,14.0,M,Lacerations to right foot,N,Unprovoked
1966,1966-07-19,7.0,South Carolina,SC,"Folly Beach, Charleston County",Killing a shark,False,34.0,M,"Arm bitten, PROVOKED INCIDENT",N,Provoked
1966,1966-07-31,7.0,Texas,TX,"South Jetty, Galveston",Diving for sand dollars,False,16.0,M,Dorsum of right foot grazed,N,Unprovoked
1966,1966-09-08,9.0,Florida,FL,"Florida Keys, Monroe County",Hunting crayfish,False,14.0,M,Abdomen abraded when he seized shark PROVOKED INCIDENT,N,Provoked
1966,1966-09-19,9.0,Hawaii,HI,50 miles NE of Honolulu,Fishing,False,20.0,M,Left elbow or hand bitten PROVOKED INCIDENT,N,Provoked
1967,1967-06-13,6.0,Florida,FL,"Key West, Monroe County",Spearfishing,False,26.0,M,"After shark was speared & hit on head, it bit the divers foot  PROVOKED INCIDENT",N,Provoked
1967,1967-07-29,7.0,Florida,FL,Florida Keys,Snorkeling,False,20.0,M,Foot lacerated,N,Unprovoked
1967,1967-08-07,8.0,Florida,FL,Near Key West,Spearfishing,False,15.0,M,Shark grasped thigh,N,Unprovoked
1967,1967-08-27,8.0,California,CA,Ventura,Pulling shark from the water,False,24.0,M,Nipped on shoulder by captive shark PROVOKED INCIDENT,N,Provoked
1967,1967-09-07,9.0,Florida,FL,"Key West, Monroe County",Spearfishing,False,,,Survived,N,Unprovoked
1967,1967-09-20,9.0,Hawaii,HI,"Kailua Bay, O'ahu",Boat capsized between O'ahu & Molokai,False,,M,Remains found in a 3.4 m (11') tiger shark. Probable drowning & scavenging,Y,Invalid
1967,1967-10-17,10.0,Florida,FL,"McArthur Beach, Singer Island, Palm Beach Shores",Standing on sandbar,False,19.0,M,Left foot bitten,N,Unprovoked
1967,1967-12-14,12.0,,,,,False,,M,"Head, shoulder, arm lacerated. Recorded as PROVOKED INCIDENT",N,Provoked
1968,1968-02-26,2.0,Florida,FL,Palm Beach County,Surfing,True,17.0,M,Foot lacerated,N,Unprovoked
1968,1968-03-10,3.0,Florida,FL,"Jensen Beach, Martin County",Surfing,True,20.0,M,Foot lacerated,N,Unprovoked
1968,1968-04-20,4.0,Florida,FL,"Palm Beach Shores, Riviera Beach, Singer Island, Palm Beach County",,False,10.0,M,"Buttock, both legs & arm bitten",N,Unprovoked
1968,1968-04-29,4.0,Florida,FL,"Fort Lauderdale, Broward County",Wading,False,63.0,M,Foot severely injured,N,Invalid
1968,1968-06-09,6.0,Florida,FL,"Mullet Key, Pinellas County",Clamming,False,17.0,M,Lacerations to lower right leg & andkle,N,Unprovoked
1968,1968-07-16,7.0,South Carolina,SC,"Stono Inlet, near Charleston, Charleston County",Spearfishing using Scuba,False,33.0,M,Swimfin & knee bitten,N,Unprovoked
1968,1968-07-23,7.0,Florida,FL,Florida Keys,Wading,False,33.0,M,Abrasions on lower leg,N,Unprovoked
1968,1968-07-27,7.0,California,CA,"Bodega Rock, Sonoma County",Free diving,False,25.0,M,Major injury to torso,N,Unprovoked
1968,1968-08-21,8.0,Florida,FL,Okaloosa County,Standing,False,15.0,M,Leg & arm bitten,N,Unprovoked
1968,1968-08-24,8.0,Florida,FL,Half mile north of Juno Beach Pier,Playing with a frisbee in the shallows,False,9.0,,"Shark bumped Colleen, the nudged Scott, then bit Frisbee & swam away with it",N,Unprovoked
1968,1968-09-22,9.0,Florida,FL,"Riviera Beach, Palm Beach County",Surfing,True,,,,,Invalid
1968,1968-10-13,10.0,Florida,FL,"Egmont Key, Hillsborough County",Spearfishing using Scuba,False,,M,Swim fin bitten,N,Unprovoked
1969,1969-03-09,3.0,Hawaii,HI,"Makaha, O'ahu",Surfing,True,16.0,M,Leg & surfboard bitten,N,Unprovoked
1969,1969-05-24,5.0,Florida,FL,Sarasota County,Diving,False,23.0,M,Laceration to buttocks Recorded as PROVOKED INCIDENT,N,Provoked
1969,1969-05-25,5.0,Texas,TX,Packery Channel,Surf-fishing,True,,M,Foot lacerated when he stepped on the shark  PROVOKED INCIDENT,N,Provoked
1969,1969-06-27,6.0,Florida,FL,Florida Keys,Wading,False,22.0,M,No details,,Unprovoked
1969,1969-07-20,7.0,California,CA,"Pigeon Point, San Mateo County",Freediving for abalone (at surface),True,,M,"Foot bitten, minor injury",N,Unprovoked
1969,1969-07-22,7.0,Florida,FL,Florida Keys,,False,13.0,M,Scrape on head. Recorded as PROVOKED INCIDENT,N,Provoked
1969,1969-08-02,8.0,Florida,FL,"St. Petersburg, Pinnellas County",Body surfing,True,13.0,M,Lacerations to right lower leg & left arm and hand,N,Unprovoked
1969,1969-08-02,8.0,Florida,FL,"New Smyrna Beach, Volusia County",Surfing,True,15.0,M,Lacerations to lower leg,N,Unprovoked
1969,1969-08-19,8.0,Florida,FL,"Marathon, Monroe County",Fishing,False,,M,Laceration to foot from dead shark PROVOKED INCIDENT,N,Provoked
1969,1969-08-22,8.0,Massachusetts,MA,40 miles south of Nantucket,Fishing,False,28.0,M,Leg bitten by netted shark PROVOKED INCIDENT,N,Provoked
1969,1969-08-29,8.0,Florida,FL,"North Beach, St. Lucie County",Floating on his back,False,,M,Laceration to right leg,N,Unprovoked
1969,1969-09-06,9.0,California,CA,"Bird Rock, Tomales Point, near Marin County / Sonoma County border",Free diving for abalone,False,53.0,M,Leg & ankle severely bitten,N,Unprovoked
1969,1969-10-14,10.0,Hawaii,HI,Hawaii,Diving,False,,M,No injury,N,Unprovoked
1969,1969-11-11,11.0,Hawaii,HI,"Barbers Point, O'ahu",Scuba diving for lobsters,False,,M,"Abrasions on upper leg, laceration on ankle, scuba tank bitten",N,Unprovoked
1970,1970-03-23,3.0,Florida,FL,Manatee County,Wading,False,19.0,M,Foot & calf lacerated,N,Unprovoked
1970,1970-03-31,3.0,Hawaii,HI,"Waimea Bay, O'ahu",Body surfing,True,,M,"Swept out to sea,  body not recovered",Y,Invalid
1970,1970-06-22,6.0,Florida,FL,"Dania, Broward County",Fishing,False,13.0,M,Bitten on calf by hooked shark PROVOKED INCIDENT,N,Provoked
1970,1970-09-05,9.0,Florida,FL,"Cocoa Beach, Brevard County",Floating on a raft,False,18.0,M,Laceration to left foot,N,Unprovoked
1970,1970-10-24,10.0,Hawaii,HI,"Brennecke Beach, Po'ipu, Kaua'i",Body surfing,True,,M,Shoulder & arm bitten,N,Unprovoked
1970,1970-12-03,12.0,Hawaii,HI,Kauai,Shipwreck,False,41.0,M,Right thigh lacerated,N,Sea Disaster
1971,1971-07-19,7.0,California,CA,"Point Purisima, Santa Barbara County",Hookah diving (submerged),False,,M,"Major injuries to head, buttocks & back",N,Unprovoked
1971,1971-07-26,7.0,Florida,FL,"Daytona Beach, Volusia County",Wading,False,8.0,M,Laceration to left ankle,N,Unprovoked
1971,1971-09-25,9.0,North Carolina,NC,"Emerald Isle, Carteret County",Surfing,True,17.0,,Left foot injured,N,Unprovoked
1971,1971-10-02,10.0,California,CA,"Sea Ranch, Sonoma County",Scuba diving,False,30.0,M,Bitten on legs,N,Unprovoked
1971,1971-10-23,10.0,Florida,FL,"Ft. Pierce, St Lucie County",Surfing,True,18.0,M,"Right shoulder, arm & hand bitten",N,Unprovoked
1972,1972-03-16,3.0,Hawaii,HI,"Waihe'e, Wailuku, Maui",Spearfishing,False,,M,Leg bitten,N,Unprovoked
1972,1972-05-28,5.0,California,CA,"Bird Rock, near Tomales Point, Marin County",Free diving for abalone,False,32.0,M,Bitten on legs & buttock,N,Unprovoked
1972,1972-06-10,6.0,Florida,FL,"Cocoa Beach, Brevard County",Surfing,True,22.0,M,Buttocks bitten,N,Unprovoked
1972,1972-07-05,7.0,California,CA,"Laguna Beach, Orange County",Diving,False,,,Sharks reportedly bit legs & fins ,N,Invalid
1972,1972-08-17,8.0,Hawaii,HI,"Waimanu, Honoka'a, Hawai'i",Spearfishing,False,,M,Forearm bitten,N,Unprovoked
1972,1972-08-29,8.0,Florida,FL,"Crescent Beach, St. Johns County",Surfing,True,15.0,M,Left calf bitten,N,Unprovoked
1972,1972-09-09,9.0,California,CA,"Point Sur, Monterey County",Surfing,True,,M,Legs & board bitten,N,Unprovoked
1972,1972-10-14,10.0,Florida,FL,"New Smyrna Beach, Volusia County",Surfing,True,17.0,M,Survived,N,Unprovoked
1972,1972-10-14,10.0,US Virgin Islands,,"St. Croix, Cane Bay",Scuba diving,False,,M,"FATAL, body not recovered",Y,Unprovoked
1973,1973-01-09,1.0,Hawaii,HI,"Ho'okipa Beach, Pa'ia, Maui",Surfing,True,,M,Leg bitten,N,Unprovoked
1973,1973-08-16,8.0,Virginia,VA,False Cape,Crabbing (spearing crabs),False,17.0,M,Elbow bitten,N,Unprovoked
1973,1973-11-24,11.0,Florida,FL,"Ormond By The Sea, Volusia County",Surfing,True,13.0,M,Foot bitten,N,Unprovoked
1973,1973-12-18,12.0,Hawaii,HI,"Kalama Beach, Kihei, Maui",Swimming,False,,M,Leg bitten,N,Unprovoked
1974,1974-04-12,4.0,Florida,FL,"Haulover Beach, Miami-Dade County",Swimming,False,11.0,F,Foot bitten,N,Unprovoked
1974,1974-05-26,5.0,California,CA,"Tomales Point, Marin County",Free diving (but on surface),True,45.0,M,Leg bitten,N,Unprovoked
1974,1974-06-20,6.0,Florida,FL,"New Smyrna Beach, Volusia County",Swimming,False,61.0,F,Lacerations to hip and leg,N,Unprovoked
1974,1974-07-02,7.0,Florida,FL,Gulf of Mexico,Adrift after the sinking of the motor yacht Princess Dianne,False,10.0,M,Arm bitten FATAL,Y,Sea Disaster
1974,1974-07-20,7.0,Georgia,GA,"Back River, Savannah Beach, Chatham County",Swimming,False,17.0,M,FATAL,Y,Unprovoked
1974,1974-07-26,7.0,California,CA,"Albion Cove, Albion, Mendocino County",Free diving for abalone (submerged),False,36.0,M,Minor bite on heel & swim fin bitten,N,Unprovoked
1974,1974-08-05,8.0,California,CA,"San Gregorio Beach, San Mateo County",Surfing,True,,M,Minor injuries to hand,N,Unprovoked
1974,1974-09-02,9.0,California,CA,"Franklin Point, San Mateo County",Scuba diving (but on surface),True,48.0,M,Minor bite on foot & swimfin,N,Unprovoked
1974,1974-09-02,9.0,California,CA,"Franklin Point, San Mateo County",Scuba diving (but on surface),True,41.0,M,Minor injuries to hand,N,Unprovoked
1974,1974-09-14,9.0,California,CA,"North Farallon Island, Farallon Islands",Hookah diving for abalone,False,29.0,M,Major injuries,N,Unprovoked
1974,1974-09-28,9.0,California,CA,"North of Point Sur, Monterey County",Surfing,True,17.0,M,"Thigh, lower back and surfboard bitten",N,Unprovoked
1974,1974-11-01,11.0,Florida,FL,"Daytona Beach, Volusia County",Standing,False,24.0,M,Laceration to foot,N,Unprovoked
1975,1975-03-16,3.0,Florida,FL,"Clearwater Beach, Pinellas County",Floating in inner tube,False,14.0,M,Left leg & foot bitten,N,Unprovoked
1975,1975-05-20,5.0,Florida,FL,"Daytona Beach, Volusia County",Bathing,False,10.0,F,Leg bitten,N,Unprovoked
1975,1975-05-25,5.0,Florida,FL,"New Smyrna Beach, Volusia County",Surfing,True,17.0,M,Right foot bitten,N,Unprovoked
1975,1975-06-15,6.0,Alabama,AL,5 miles off the coast,Swimming near his boat,False,27.0,M,Left leg bitten,N,Unprovoked
1975,1975-06-23,6.0,South Carolina,SC,"Windy Hill, near Myrtle Beach, Horry County",Swimming,False,18.0,M,Lacerations to right foot,N,Unprovoked
1975,1975-06-23,6.0,South Carolina,SC,"North Myrtle Beach, Horry County",Standing,False,15.0,F,Hand & wrist bitten,N,Unprovoked
1975,1975-07-04,7.0,Florida,FL,"Indiatlantic, Brevard County",Surfing,True,16.0,M,"Foot bitten, tendons damaged",N,Unprovoked
1975,1975-07-15,7.0,Florida,FL,"New Smyrna Beach, Volusia County",Swimming,False,14.0,F,Arm lacerated,N,Unprovoked
1975,1975-07-19,7.0,California,CA,"Point Conception, Santa Barbara County",Hookah diving for abalone,False,34.0,M,"No injury, swim fin torn",N,Unprovoked
1975,1975-07-23,7.0,California,CA,"Perch Rock, Point Conception, Santa Barbara County",Scuba diving for abalone (at surface),True,23.0,M,Legs bitten,N,Unprovoked
1975,1975-07-26,7.0,Florida,FL,"Off Hutchinson Island, St Lucie County",Free diving,False,24.0,M,Forearms lacerated,N,Unprovoked
1975,1975-07-30,7.0,Oregon,OR,,Sea disaster,False,62.0,F,"FATAL, arms & legs bitten",Y,Sea Disaster
1975,1975-08-09,8.0,California,CA,"Usal Creek, Bear Harbor, Mendocino County",Free diving for abalone,False,44.0,M,"Shoulder, arm & hand lacerated",N,Unprovoked
1975,1975-08-12,8.0,Florida,FL,"Daytona Beach, Volusia County",Floating on a small orange raft,False,20.0,M,"Calf bitten, leg surgically amputated below the knee  Note: by late August, 3 more bathers had been bitten by sharks at Daytona Beach",N,Unprovoked
1975,1975-10-04,10.0,California,CA,"Seal Beach, Orange County",Surfing,True,,,,,Invalid
1975,1975-10-21,10.0,New Jersey,NJ,"Sandy Hook, Monmouth County",Surf fishing,False,,M,"""Tooth marks"" in left leg",N,Invalid
1975,1975-11-02,11.0,Florida,FL,"Crescent Beach, St. Johns County",Surfing,True,18.0,M,Foot bitten,N,Unprovoked
1975,1975-12-06,12.0,California,CA,Farallon Islands,Scuba diving & spearfishing,False,27.0,M,Leg bitten,N,Unprovoked
1976,1976-01-08,1.0,Florida,FL,"Off Fort Pierce, St Lucie County",Spearfishing / scuba diving,False,25.0,M,Puncture wounds to head & neck,N,Unprovoked
1976,1976-03-12,3.0,Florida,FL,"New Smyrna Beach, Volusia County",Standing,False,21.0,M,Lacerations to left leg,N,Unprovoked
1976,1976-04-28,4.0,Texas,TX,Galveston Island,,False,,,"Possible drowning victim, remains retrieved from shark caught by fishermen on 28-Apr-1976",Y,Invalid
1976,1976-06-10,6.0,Hawaii,HI,"Kama'ole Beach, Park No. 1, Kihei, Maui",Swimming,False,,M,Leg & foot bitten,N,Unprovoked
1976,1976-06-23,6.0,Florida,FL,"St. Andrews State Park, Bay County",Skindiving,False,17.0,M,Lacerations to right arm,N,Unprovoked
1976,1976-07-12,7.0,Florida,FL,St. Lucie County,Spearfishing,False,23.0,M,"""lost part of a finger""",N,Unprovoked
1976,1976-07-16,7.0,Hawaii,HI,"Maha'ulepu, Koloa, Kaua'i",Scuba diving,False,18.0,M,"FATAL, disappeared while diving, lower portion of body recovered",Y,Unprovoked
1976,1976-07-21,7.0,Louisiana,LA,Scofield - Sandy Point,Playing,False,10.0,M,Leg bitten,N,Unprovoked
1976,1976-07-24,7.0,Florida,FL,St. Lucie County,Spearfishing,False,24.0,M,Lacerations to forearms,N,Unprovoked
1976,1976-08-24,8.0,Oregon,OR,Winchester Bay,Surfing,True,19.0,M,"No injury, board bitten",N,Unprovoked
1976,1976-08-26,8.0,North Carolina,NC,"Emerald Isle Pier (near Morehead City), Carteret County","Surfing, fell off surfboard",True,23.0,M,Right ankle & foot lacerated,N,Unprovoked
1976,1976-09-06,9.0,Florida,FL,"Sebastian, Indian River County",Surfing,True,15.0,M,Laceration to left lower leg,N,Unprovoked
1976,1976-09-12,9.0,Florida,FL,"Jacksonville, Duval County",Swimming,False,,M,FATAL,Y,Unprovoked
1976,1976-09-12,9.0,Florida,FL,"Jacksonville, Duval County",Swimming,False,16.0,M,FATAL,Y,Unprovoked
1976,1976-10-18,10.0,California,CA,"Moonstone Beach, Humboldt County",Surfing,True,25.0,M,Leg bitten ,N,Unprovoked
1976,1976-11-25,11.0,Florida,FL,"Delray Beach, Palm Beach County",Surfing,True,19.0,M,"Right arm severed 1"" below elbow with extensive tissue loss 3"" above elbow",N,Unprovoked
1976,1976-12-18,12.0,California,CA,"San Miguel Island, Santa Barbara County",Hookah diving for abalone (submerged),False,29.0,M,Buttocks & hip bitten,N,Unprovoked
1977,1977-04-21,4.0,Hawaii,HI,"Ka'anapali, Maui",Swimming,False,,M,Arm bitten,N,Unprovoked
1977,1977-06-06,6.0,Texas,TX,Padre Island,Collecting fish from net,False,25.0,M,Lacerations to wrist,N,Unprovoked
1977,1977-06-26,6.0,Florida,FL,"12 miles northeast of Mayport,  Duval County",Spearfishing / Scuba diving,False,27.0,M,"PROVOKED INCIDENT    Diver poked shark with spear, then shark bit his right foot",N,Provoked
1977,1977-07-02,7.0,California,CA,"Off San Diego, San Diego County",40' fishing boat sank,False,21.0,M,Laceration to right hand,N,Sea Disaster
1977,1977-08-05,8.0,Florida,FL,"St. Petersburg, Pinellas County",Wading,False,17.0,M,Lacerations to hip and leg,N,Invalid
1977,1977-08-14,8.0,California,CA,"McClure Beach, near Tomales Point, Marin County",Free diving for abalone (surfacing),True,20.0,M,Leg lacerated,N,Unprovoked
1977,1977-12-19,12.0,Florida,FL,"Hobe Sound, Palm Beach County",Surfing,True,27.0,M,Laceration to right hand,N,Unprovoked
1977,1977-12-31,12.0,Hawaii,HI,2 miles off Keahole Airport,"Swimming, after single-engine aircraft went down in the sea",False,49.0,M,Feet lacerated,N,Sea Disaster
1978,1978-06-21,6.0,Florida,FL,"Neptune Beach, Duval County",Surfing,True,17.0,M,Foot nipped,N,Unprovoked
1978,1978-06-21,6.0,Florida,FL,"South of Neptune Beach, Duval County",Surfing,True,20.0,M,Foot bitten,N,Unprovoked
1978,1978-07-19,7.0,California,CA,"Newport Beach, Orange County",Fishing,False,27.0,M,Laceration to leg by hooked shark  PROVOKED INCIDENT,N,Provoked
1978,1978-07-27,7.0,South Carolina,SC,,"Explosion destroyed 28' boat, survivors in the water",False,39.0,M,"No injury, his foot was bumped by a shark biting the body of a passenger that had drowned.",N,Sea Disaster
1978,1978-08-05,8.0,California,CA,"Pajaro Dunes, Santa Cruz County",Wading,False,,M,Punctures on leg (minor injury),N,Unprovoked
1978,1978-11-23,11.0,Florida,FL,"Jupiter, Palm Beach County",Surfing,True,17.0,M,Hand lacerated,N,Unprovoked
1978,1978-11-26,11.0,Hawaii,HI,"Ewa, O'ahu",Surfing,True,,M,Left arm bitten,N,Unprovoked
1979,1979-03-11,3.0,California,CA,"Ano Nuevo Island, San Mateo, County",Scuba diving (submerged),False,,M,"No injury, swim fin bitten",N,Unprovoked
1979,1979-03-24,3.0,Florida,FL,"Singer Island, Riviera Beach, Palm Beach County",Surfing,True,27.0,M,Foot & ankle bitten,N,Unprovoked
1979,1979-04-08,4.0,Florida,FL,"Public Beach (Carlin Park), Jupiter, Palm Beach County",Swimming,False,24.0,M,Right foot & ankle lacerated,N,Unprovoked
1979,1979-04-08,4.0,Florida,FL,"Municipal Beach, Boyton Beach, Palm Beach County",Body surfing,True,8.0,M,Right foot bitten,N,Unprovoked
1979,1979-05-27,5.0,Florida,FL,"Fort Walton Beach, Okaloosa County",Scuba diving,False,36.0,M,"FATAL, but shark involvement prior to death was not determined",Y,Invalid
1979,1979-06-19,6.0,Florida,FL,10 miles off Cape Canaveral,Floating with life preserver after his boat foundered,False,56.0,M,Lacerations to leg,N,Sea Disaster
1979,1979-08-05,8.0,Florida,FL,"Daytona Beach, Volusia County",Kayaking,False,49.0,M,Lacerations to foot,N,Unprovoked
1979,1979-11-27,11.0,Oregon,OR,"Haystack Rock, Cannon Beach, Clatsop County",Surfing,True,20.0,M,Multiple major Injuries,N,Unprovoked
1980,1980-06-26,6.0,California,CA,"Off San Clemente Island, Los Angeles County",Scuba diving,False,44.0,F,Laceration to lower leg   PROVOKED INCIDENT,N,Provoked
1980,1980-07-23,7.0,Delaware,DE,Dewey Beach,Standing,False,22.0,F,"No injury, shark bit her bathing suit",N,Unprovoked
1980,1980-07-27,7.0,New Jersey,NJ,"Ocean City, Cape May County",Body surfing,True,15.0,M,Back bitten,N,Unprovoked
1980,1980-08-04,8.0,Hawaii,HI,"Puamana, Lahaina, Maui",Resting on body board,True,,M,Torso bitten,N,Unprovoked
1980,1980-08-10,8.0,North Carolina,NC,"Ocean Isle, Brunswick County",Wading,False,10.0,F,Bitten behind knee & lower leg,N,Unprovoked
1980,1980-10-17,10.0,California,CA,"Moonstone Beach, Humboldt County",Surfing,True,19.0,M,No injury,N,Unprovoked
1980,1980-10-27,10.0,Oregon,OR,Off Umpqua River,Surfing,True,29.0,M,Thigh lacerated,N,Unprovoked
1981,1981-01-30,1.0,Florida,FL,20 miles from Mayport,Commercial spearfishing,False,25.0,M,3 small punctures in scalp & ripped nostril,N,Unprovoked
1981,1981-02-02,2.0,Florida,FL,"Juno Beach, Palm Beach County",Surfing,True,15.0,M,Lacerations & punctures in left calf & ankle,N,Unprovoked
1981,1981-03-24,3.0,Florida,FL,"Singer Island, Riviera Beach, Palm Beach County",Surfing,True,24.0,M,Puncture wounds on  right thigh,N,Unprovoked
1981,1981-03-25,3.0,Florida,FL,"Singer Island, Riviera Beach, Palm Beach County",Standing / Wading,False,19.0,M,"Lacerations on calf, ankle & heel",N,Unprovoked
1981,1981-05-16,5.0,Florida,FL,"Jacksonville, Duval County",Diving,False,,M,Left arm bitten,N,Unprovoked
1981,1981-05-19,5.0,Florida,FL,"Sands Cut, Elliot Key",Free diving,False,32.0,M,Massive tissue damage of left arm,N,Unprovoked
1981,1981-05-24,5.0,Hawaii,HI,"Ha'ena Beach Park, Kaua'i","Scuba diving, reportedly also spearfishing",False,,M,"FATAL, disappeared, dive gear & shredded tooth-marked wetsuit were recovered",Y,Unprovoked
1981,1981-06-12,6.0,Hawaii,HI,"Honoli'i Pali, Hilo Bay ('Alae Point), Hawai'i",,False,,M,"Probable drowning, 1/3 of shark-multilated body recovered",Y,Invalid
1981,1981-07-07,7.0,Florida,FL,Carter Cay,Spearfishing,False,,M,Left foot & ankle lacerated,N,Unprovoked
1981,1981-07-20,7.0,Florida,FL,"St. Petersburg Beach, Pinellas County",Swimming,False,16.0,F,"Foot bitten between arch & big toe, no stitches required",N,Unprovoked
1981,1981-08-10,8.0,Florida,FL,"Ormond Beach / Daytona Beach, Volusia County","16' catamaran capsized previous night, occupants stayed with wreckage until morning, then attempted to swim ashore",False,19.0,F,FATAL,Y,Unprovoked
1981,1981-08-10,8.0,Florida,FL,"Marathon, Monroe County",Diving,False,,M,Bite to face,N,Unprovoked
1981,1981-08-24,8.0,Hawaii,HI,"Keaukaha, Hilo, Hawai'i",Fishing,False,,M,Disappeared while fishing from shore. Leg found 7 days later wedged in rocks 150 yards offshore,Y,Invalid
1981,1981-08-24,8.0,Florida,FL,Gulf Island National Seashore Park,Spearfishing,False,19.0,M,"Shot shark, then it bit him. Puncture wounds on leg  PROVOKED INCIDENT",N,Provoked
1981,1981-08-29,8.0,Florida,FL,"New Smyrna Beach, Volusia County",Surfing,True,15.0,M,Laceration to left ankle,N,Unprovoked
1981,1981-09-03,9.0,Florida,FL,"Cocoa Beach, Brevard County",Surfing,True,24.0,M,Laceration to foot,N,Unprovoked
1981,1981-09-03,9.0,Florida,FL,"Patrick Air Force Base, Brevard County",Surfing,True,25.0,M,Lacerations to 2 fingers of left hand,N,Unprovoked
1981,1981-09-15,9.0,Florida,FL,"Tampa Bay, Manatee County",Swimming,False,26.0,M,"FATAL, right calf bitten  ",Y,Unprovoked
1981,1981-09-27,9.0,Florida,FL,"Melbourne Beach, Brevard County",Surfing,True,,,Lacerations to right hand,N,Unprovoked
1981,1981-09-28,9.0,Florida,FL,"Cocoa Beach, Brevard County",Surfing,True,28.0,M,5 puncture marks to hip,N,Unprovoked
1981,1981-10-01,10.0,Florida,FL,"Playalinda Beach, Brevard County",Surfing,True,24.0,M,Laceration to right leg,N,Unprovoked
1981,1981-10-16,10.0,Florida,FL,"Cocoa Beach, Brevard County",Surfing,True,17.0,M,Puncture wounds to left foot,N,Unprovoked
1981,1981-10-17,10.0,Florida,FL,"Palm Beach, Palm Beach County",Surfing,True,,M,No details,,Unprovoked
1981,1981-10-19,10.0,Florida,FL,"Jupiter Island, Brevard County",Swimming,False,19.0,M,Hand & forearm bitten,N,Unprovoked
1981,1981-11-09,11.0,Hawaii,HI,"La'au Point, Moloka'i",Diving to untangle a crab trap line from boat's propeller,False,59.0,M,Hand bitten,N,Unprovoked
1981,1981-12-13,12.0,Hawaii,HI,"Nimitz Beach, Barbers Point, O'ahu","Spearfishing, but swimming on surface",True,,M,Right leg severely bitten,N,Unprovoked
1981,1981-12-19,12.0,California,CA,"South Moss Beach, Spanish Bay, Monterey Peninsula",Surfing,True,24.0,M,"FATAL, torso bitten ",Y,Unprovoked
1982,1982-02-07,2.0,Florida,FL,Elliot Key,Diving,False,29.0,M,"FATAL Disappeared while diving, bathing suit & diving gear recovered bore marks of shark's teeth",Y,Unprovoked
1982,1982-02-07,2.0,California,CA,"Stillwater Cove, Sonoma County",Scuba diving (submerged),False,,M,Calf & ankle bitten,N,Unprovoked
1982,1982-02-13,2.0,Florida,FL,"Palm Beach, Palm Beach County",Swimming,False,75.0,F,Shark-bitten body found floating 1.5 miles offshore. Bruises suggested she may have been bitten by the shark before drowning,Y,Unprovoked
1982,1982-02-14,2.0,Hawaii,HI,"White Plains Beach, Barbers Point, O'ahu",Wading,False,,F,Left leg bitten,N,Unprovoked
1982,1982-02-14,2.0,Hawaii,HI,"White Plains Beach, Barbers Point, O'ahu",Swimming,False,,F,Right foot bitten,N,Unprovoked
1982,1982-02-27,2.0,Florida,FL,"Hobe Sound, Palm Beach County",Surfing,True,18.0,M,Lacerations to left hand and forearm,N,Unprovoked
1982,1982-03-10,3.0,Florida,FL,"Palm Beach, Palm Beach County",Surfing,True,16.0,M,Elbow bitten,N,Unprovoked
1982,1982-06-13,6.0,Hawaii,HI,"Ho'okipa Beach, Pa'ia, Maui","Sailboarding, fell into water 100 yards outside the breakwater",False,,M,Thigh bitten 3 times,N,Unprovoked
1982,1982-06-25,6.0,Florida,FL,"Ormond Beach / Daytona Beach, Volusia County",,False,8.0,F,Foot bitten,N,Unprovoked
1982,1982-06-26,6.0,South Carolina,SC,"Isle of Palms, Charleston County",Swimming,False,20.0,M,Left arm bitten,N,Unprovoked
1982,1982-07-01,7.0,Florida,FL,"Daytona Beach, Volusia County",Swimming,False,19.0,F,Laceration to left leg,N,Unprovoked
1982,1982-07-11,7.0,California,CA,"Malibu, Los Angeles County",Swimming,False,43.0,M,Laceration to left thigh,N,Invalid
1982,1982-07-19,7.0,Florida,FL,"Stuart Beach, Martin County ",Swimming,False,17.0,M,Left ankle bitten,N,Unprovoked
1982,1982-07-24,7.0,California,CA,"Point Buchon, San Luis Obispo County",Paddle Boarding,False,26.0,M,"No Injury, board bitten",N,Unprovoked
1982,1982-08-29,8.0,California,CA,"Morro Rock, Morro Bay, San Obispo County",Surfing,True,17.0,M,"No Injury, board bitten",N,Invalid
1982,1982-09-04,9.0,Florida,FL,"Hollywood Beach, Broward County",,False,20.0,M,"Remains recovered from shark, but shark involvement prior to death unknown",Y,Invalid
1982,1982-09-19,9.0,California,CA,"Bear Harbor, Mendocino County",Free diving for abalone from Zodiac (submerged),False,28.0,M,Upper left thigh & buttocks bitten,N,Unprovoked
1982,1982-09-25,9.0,California,CA,"Monastery Beach, Carmel Bay, Monterey County",Diving,False,36.0,M,Lacerations to hand,N,Unprovoked
1982,1982-09-27,9.0,Florida,FL,"Patrick Air Force Base, Brevard County",Surfing,True,20.0,M,Laceration to lower left leg,N,Unprovoked
1982,1982-10-13,10.0,Florida,FL,North Dade- Interama area of Biscayne Bay,Windsurfing,True,26.0,M,Left foot lacerated,N,Unprovoked
1983,1983-01-24,1.0,South Carolina,SC,60 miles southeast of Beaufort,Fishing,False,43.0,M,Leg bitten by captive shark PROVOKED INCIDENT,N,Provoked
1983,1983-03-10,3.0,Florida,FL,"Juno Beach, Palm Beach County",Surfing,True,,M,"Shark nudged board, no injury",N,Unprovoked
1983,1983-04-02,4.0,Florida,FL,"Lake Worth Beach, Palm Beach County",Surfing,True,16.0,M,Left foot bitten,N,Unprovoked
1983,1983-04-19,4.0,Florida,FL,,Surfing,True,,M,No details,,Unprovoked
1983,1983-05-21,5.0,Florida,FL,"Haulover Inlet, Dade County",Surfing,True,22.0,M,Right foot bitten,N,Unprovoked
1983,1983-05-24,5.0,Florida,FL," Riviera Beach, Palm Beach County",Surfing,True,15.0,M,"Knocked off board by shark, no injury",N,Unprovoked
1983,1983-05-31,5.0,Florida,FL,"Intracoastal Waterway, Boca Raton, Palm Beach County",Water-skiing,False,21.0,M,"Left calf, knee & hands lacerated",N,Unprovoked
1983,1983-06-20,6.0,Florida,FL,"Cocoa Beach, Brevard County",Surfing & dangling foot in water amid baitfish,True,21.0,M,Left foot lacerated,N,Unprovoked
1983,1983-06-29,6.0,Florida,FL,"Off 12th Street, Miami Beach",Swimming,False,42.0,M,Left foot bitten,N,Unprovoked
1983,1983-07-05,7.0,Florida,FL,"Riviera Beach, Palm Beach County",Floating on air mattress,False,17.0,,"No injury, shark bit air mattress, deflating it",N,Unprovoked
1983,1983-07-12,7.0,Florida,FL,"Caloosahatchee River, Lee County",Windsurfing,True,39.0,F,Left ankle nipped (3 punctures wounds),N,Unprovoked
1983,1983-08-06,8.0,Rhode Island,RI,,Fishing,False,,,No injury to occupants,N,Boat
1983,1983-08-13,8.0,Florida,FL,"6 miles south of Boca Chica Key, Monroe County ",Diving,False,22.0,F,Right leg severely bitten,N,Unprovoked
1983,1983-08-13,8.0,Florida,FL,"Riviera Beach, Palm Beach County",Skindiving,False,14.0,M,Hand abraded when he grabbed shark's tail PROVOKED INCIDENT,N,Provoked
1983,1983-08-15,8.0,Virginia,VA,"Virginia Beach, Princess Anne County",Swimming,False,14.0,F,Foot bitten,N,Unprovoked
1983,1983-08-20,8.0,Oregon,OR,"Cape Kiwanda,Tillamook County",Surfing,True,,M,"No injury, board bitten",N,Unprovoked
1983,1983-09-04,9.0,Florida,FL,"Off Lake Worth, Palm Beach County",Standing,False,15.0,M,Abrasions to leg,N,Unprovoked
1983,1983-10-13,10.0,Florida,FL,"Daytona Beach, Volusia County",Wading,False,20.0,M,Lacerations to left ankle,N,Unprovoked
1983,1983-10-17,10.0,Florida,FL,"Stuart Beach, Martin County",Surfing,True,16.0,M,Puncture marks in leg & surfboard dinged,N,Unprovoked
1983,1983-12-25,12.0,Florida,FL,"Riviera Beach, Palm Beach County",Surfing,True,17.0,M,Left foot & thigh bitten,N,Unprovoked
1984,1984-06-03,6.0,Hawaii,HI,"Kane'ohe Bay, O'ahu",Towing her sister on plastic ski board,False,13.0,F,Foot bitten,N,Unprovoked
1984,1984-07-01,7.0,Florida,FL,,"During a shark fishing tournament, the 18' Boatem was capsized by waves, throwing 3 men into the water",False,30.0,M,Leg abraded,N,Unprovoked
1984,1984-07-24,7.0,Texas,TX,South Padre Island,Swimming,False,18.0,F,Legs severely lacerated,N,Unprovoked
1984,1984-07-24,7.0,Texas,TX,South Padre Island,Swimming,False,13.0,F,Lacerations on right foot,N,Unprovoked
1984,1984-08-24,8.0,Florida,FL,"Off Crystal River, Citrus County",Boat capsized?,False,31.0,F,Death was due to drowning; body scavenged by a shark,Y,Invalid
1984,1984-09-15,9.0,California,CA,"Pigeon Point, San Mateo County",Skindiving,False,28.0,M,FATAL,Y,Unprovoked
1984,1984-09-17,9.0,California,CA,"Mission Beach, San Diego County",Wading,False,,M,Arm bitten,N,Unprovoked
1984,1984-09-19,9.0,Florida,FL,Volusia County,Swimming,False,,,No details,,Unprovoked
1984,1984-09-22,9.0,Florida,FL,,Swimming,False,,M,Left foot lacerated,N,Unprovoked
1984,1984-09-22,9.0,Florida,FL,"Indiatlantic, Brevard County",Surfing,True,16.0,M,Foot bitten,N,Unprovoked
1984,1984-09-23,9.0,Florida,FL,Volusia County,Surfing,True,17.0,M,Right foot bitten,N,Unprovoked
1984,1984-09-30,9.0,California,CA,"Tomales Point, Marin County","Free diving , but surfacing",True,,M,Legs & buttocks bitten,N,Unprovoked
1984,1984-09-30,9.0,Oregon,OR,"""Turnaround"", Cape Kiwanda, Tillamook County",Surfing (sitting on his board),True,25.0,M,"Abrasion on right foot, board bitten",N,Unprovoked
1984,1984-10-14,10.0,Florida,FL,"Bob Graham Beach, Martin County",Surfing,True,15.0,M,Left calf bitten,N,Unprovoked
1984,1984-10-17,10.0,Florida,FL,"Boynton Beach, Palm Beach County",Wading,False,77.0,F,"10"" laceration on leg",N,Invalid
1984,1984-10-21,10.0,Florida,FL,"3 miles south of Sebastian Inlet State Park, Indian River County",Surfing or body surfing,True,23.0,F,"9"" laceration to right forearm ",N,Unprovoked
1984,1984-10-21,10.0,Florida,FL,"Wabasso Beach, Indian River County",Swimming,False,22.0,M,"Disappeared, 1 mile from where Sandra Fletcher was bitten. Death was due to drowning",Y,Invalid
1984,1984-11-04,11.0,Florida,FL,"Fowey Rock, Key Biscayne",Spearfishing,False,29.0,M,"Speared shark bit diver's right knee, and lacerated right thigh & buttocks PROVOKED INCIDENT",N,Provoked
1984,1984-11-11,11.0,Florida,FL,"Jupiter Island Beach, Martin County",Surfing,True,13.0,M,Left foot bitten,N,Unprovoked
1985,1985-02-03,2.0,Florida,FL,"15 miles north of Sebastian Inlet, Brevard County",Surfing,True,16.0,M,Right foot bitten,N,Unprovoked
1985,1985-02-18,2.0,California,CA,"San Miguel Island, Santa Barbara County",Scuba Diving for lobster (at surface),True,29.0,M,Bruised,N,Unprovoked
1985,1985-03-16,3.0,Florida,FL,"Palm Beach, Palm Beach County",Surfing,True,25.0,M,Hand bitten,N,Unprovoked
1985,1985-05-26,5.0,California,CA,"Long Beach, Los Angeles County","Surfing, but lying prone on his board",True,,M,Leg injured,N,Unprovoked
1985,1985-07-19,7.0,South Carolina,SC,"Folly Beach, Charleston County",Playing in knee-deep water,False,10.0,F,2/3rd of left calf removed,N,Unprovoked
1985,1985-07-21,7.0,California,CA,"Off Shelter Cover (between Fort Bragg & Eureka), Humboldt County",Bottom fishing for lingcod & had hooked a fish,False,,,"No injury to occupant, shark rammed boat catapulting it out of the water",N,Boat
1985,1985-07-25,7.0,Florida,FL,"New Smyrna Beach, Volusia County",Surfing,True,15.0,M,Hand bitten,N,Unprovoked
1985,1985-07-25,7.0,Florida,FL,"Daytona Beach, Volusia County",Wading,False,13.0,F,Right calf bitten,N,Unprovoked
1985,1985-08-17,8.0,Florida,FL,"Bayport, Hernando County",Scuba diving,False,67.0,M,Body not recovered. 3 days later some of his equipment was found on seabed appeared damaged by a shark ,Y,Invalid
1985,1985-08-20,8.0,Florida,FL,"New Smyrna Beach, Volusia County",Wading,False,11.0,M,"3"" wound on thigh",N,Invalid
1985,1985-08-22,8.0,South Carolina,SC,"Palmetto Dunes, Hilton Head, Beaufort County",Wading,False,87.0,M,Right calf bitten & less serious injury to left foot,N,Unprovoked
1985,1985-09-05,9.0,Florida,FL,"Fort Pierce Inlet, St Lucie County",Swimming,False,17.0,M,Found to be a hoax,N,Invalid
1985,1985-09-08,9.0,Florida,FL,"Palm Beach, Palm Beach County",Scuba diving,False,,M,Laceration and 4 puncture wounds to left hand,N,Unprovoked
1985,1985-09-28,9.0,California,CA,"Elephant Rock near Tomales Point, Marin County",Free diving & spearfishing (descending),False,,M,"Hip bumped by shark, no Injury",N,Unprovoked
1985,1985-10-05,10.0,Alabama,AL,"Gulf Shores, Baldwin County",Fishing,False,,M,Laceration to leg by hooked shark  PROVOKED INCIDENT,N,Provoked
1985,1985-10-12,10.0,Hawaii,HI,"Barbers Point, O'ahu",Floating on inner tube after diving for lobster,False,24.0,M,Left arm lacerated,N,Unprovoked
1985,1985-10-18,10.0,Hawaii,HI,"Little Glass Shacks, Princeville, Kaua'i",Body boarding,True,33.0,M,"Right hand and part of forearm severed , left hand lacerated, right anterior side of board removed by shark",N,Unprovoked
1985,1985-10-22,10.0,California,CA,"Point Conception, Santa Barbara County",Hookah diving for abalone,False,46.0,M,Minor injury to foot & ankle,N,Unprovoked
1985,1985-11-03,11.0,California,CA,5 miles south of Redondo Beach,Fishing,False,24.0,M,Forearm bitten by hooked shark PROVOKED INCIDENT,N,Provoked
1985,1985-11-05,11.0,California,CA,"Southeast Farallon Island, Farallon Islands",Boat,False,,,2 semi-circular bites on aft starboard tube of boat,N,Boat
1985,1985-12-10,12.0,North Carolina,NC,New Hanover County,,False,,M,Survived,N,Unprovoked
1986,1986-01-12,1.0,Florida,FL,"Singer Island, Riviera Beach, Palm Beach County",Surfing,True,22.0,M,Puncture wounds to both feet,N,Unprovoked
1986,1986-04-20,4.0,Hawaii,HI,"Kaliiwi, Kauai","Fishing, fell from rocks & disappeared",False,,M,Pieces of clothing & human flesh recovered by Fire Department divers who encountered a large shark,Y,Unprovoked
1986,1986-07-09,7.0,South Carolina,SC,"Myrtle Beach, Horry County",,False,8.0,M,Back of left thigh bitten,N,Unprovoked
1986,1986-08-19,8.0,North Carolina,NC,"Masonboro Inlet, New Hanover County",Surfing,True,16.0,,Hand bitten,N,Unprovoked
1986,1986-10-03,10.0,Florida,FL,"Sanibel Island, Lee County",Swimming,False,6.0,F,Hip & thigh bitten,N,Unprovoked
1986,1986-11-04,11.0,Florida,FL,"Tiger Shores Beach, Martin County",Surfing,True,23.0,M,Ankle bitten,N,Unprovoked
1986,1986-11-19,11.0,Florida,FL,"Indiatlantic, Brevard County",Surfing,True,26.0,M,Laceration to dorsum of left foot,N,Unprovoked
1986,1986-11-30,11.0,Florida,FL,"Daytona Beach, Volusia County",Surfing,True,17.0,M,5' gash in leg,N,Unprovoked
1986,1986-12-06,12.0,California,CA,"Monastery Beach, Carmel River State Park, Monterey Peninsula, Monterey California",Free diving  & spearfishing (submerged),False,27.0,M,"Punctured lung, lacerations to shoulder, face, jaw, neck & forearm",N,Unprovoked
1986,1986-12-11,12.0,Florida,FL,"Ponce Inlet, New Smyrna Beach, Volusia County",Surfing,True,40.0,M,Forearm bitten,N,Unprovoked
1987,1987-02-28,2.0,Florida,FL,"Singer Island, Riviera Beach, Palm Beach County",Windsurfing,True,,M,"Lacerations to toe, heel & ankle of right foot",N,Unprovoked
1987,1987-04-15,4.0,Hawaii,HI,"Kailua-Kona, Hawai'i",Swimming from shore to anchored sailboat,False,,M,"Presumed FATAL Disappeared, his shark-bitten swim trunks were found on the seafloor",Y,Unprovoked
1987,1987-04-18,4.0,Texas,TX,"Mustang Island, near Port Aransas",Swimming,False,16.0,F,Right arm severed above elbow,N,Unprovoked
1987,1987-05-08,5.0,Florida,FL,"St Augustine, St. Johns County",Surfing,True,,M,Hand lacerated  ,N,Unprovoked
1987,1987-05-25,5.0,South Carolina,SC,"Myrtle Beach, Horry County",,False,12.0,M,"6"" cut to thigh",N,Unprovoked
1987,1987-06-13,6.0,Florida,FL,"Nest Key, Monroe County",Fishing,False,,M,Left hand bitten by shark he was dragging ashore by its head PROVOKED INCIDENT,N,Provoked
1987,1987-07-11,7.0,South Carolina,SC,Winyah Bay,Dropping anchor,False,,,No injury to occupants. Shark grabbed anchor ,N,Boat
1987,1987-07-12,7.0,Texas,TX,"Mustang Island, near Port Aransas",Wading,False,16.0,F,Puncture wounds to right foot,N,Unprovoked
1987,1987-07-12,7.0,Texas,TX,"Mustang Island, near Port Aransas",Body surfing,True,32.0,F,Left foot bitten,N,Unprovoked
1987,1987-07-21,7.0,Florida,FL,"Ponce Inlet, New Smyrna Beach, Volusia County",Surfing,True,27.0,M,Right foot & ankle lacerated,N,Unprovoked
1987,1987-08-15,8.0,California,CA,"Tunitas Beach, San Mateo County",Surfing (sitting on his board),True,40.0,M,Fingers & surfboard injured,N,Unprovoked
1987,1987-08-20,8.0,Florida,FL,"Satellite  Beach, Brevard County",Wading,False,12.0,M,Lower left leg lacerated,N,Unprovoked
1987,1987-10-26,10.0,California,CA,"Davenport Light, San Mateo County",Surfing,True,20.0,M,Buttock & leg bitten,N,Unprovoked
1987,1987-11-21,11.0,Florida,FL,"North of Jupiter Inlet, Palm Beach County",Surfing,True,15.0,M,Leg lacerated,N,Unprovoked
1987,1987-12-17,12.0,Florida,FL,"Palm Beach, Palm Beach County",Surfing,True,16.0,M,Left calf bitten,N,Unprovoked
1988,1988-01-14,1.0,Louisiana,LA,,Fishing,False,,M,Hand bitten by captured shark PROVOKED INCIDENT,N,Provoked
1988,1988-03-25,3.0,Hawaii,HI,"Running Waters Beach, Ninini Point, Kaua'i",Body surfing,True,,M,Ankle bitten,N,Unprovoked
1988,1988-03-31,3.0,Florida,FL,"Singer Island, Riviera Beach, Palm Beach County",Standing,False,30.0,F,Foot bitten,N,Unprovoked
1988,1988-04-14,4.0,Florida,FL,"Singer Island, Riviera Beach, Palm Beach County",Windsurfing,True,,M,"6"" laceration to left foot",N,Unprovoked
1988,1988-04-14,4.0,Florida,FL,"Singer Island, Riviera Beach, Palm Beach County",Surfing,True,14.0,M,Right hand bitten,N,Unprovoked
1988,1988-04-15,4.0,Hawaii,HI,"Waihe'e, Maui",Onboard 21' powerboat that capsized in rough seas,False,,M,"Human remains, believed to be those of Mr. Goo, washed ashore along the Waihee shore several days later",Y,Invalid
1988,1988-04-15,4.0,Florida,FL,"Singer Island, Riviera Beach, Palm Beach County",Swimming,False,24.0,M,Lacerations to left foot,N,Unprovoked
1988,1988-04-24,4.0,California,CA,"North of Morro Rock, San Luis Obispo County",Surfing,True,,M,No Injury,N,Unprovoked
1988,1988-05-04,5.0,Florida,FL,"Melbourne Beach, Brevard County",Surfing / treading water,True,29.0,M,Left leg & right foot bitten,N,Unprovoked
1988,1988-05-10,5.0,Florida,FL,"Paradise Beach Park, Brevard County",Surfing,True,31.0,M,Left foot bitten,N,Unprovoked
1988,1988-06-01,6.0,Florida,FL,"Daytona Beach, Volusia County",Surfing,True,25.0,M,Cuts to right foot and ankle,N,Unprovoked
1988,1988-06-05,6.0,Florida,FL,"Daytona Beach, Volusia County",Swimming,False,12.0,M,Four lacerations to his ankle,N,Unprovoked
1988,1988-06-09,6.0,South Carolina,SC,"Sea Pines Beach Club, Hilton Head, Beaufort County",Sittting in water with his child,False,37.0,M,Left leg bitten,N,Unprovoked
1988,1988-06-16,6.0,North Carolina,NC,"Ocracoke, Hyde County",Scuba diving,False,42.0,M,Survived,N,Unprovoked
1988,1988-07-04,7.0,Florida,FL,"New Smyrna Beach, Volusia County",Boogie boarding,True,37.0,M,Punctures to lower left leg & foot,N,Unprovoked
1988,1988-07-11,7.0,Florida,FL,"Jensen Beach, Martin County",Swimming,False,15.0,F,Punctures & deep scratches to foot & buttock,N,Unprovoked
1988,1988-08-11,8.0,California,CA,"Klamath River, Del Norte County",Surfing,True,27.0,M,Thigh bitten,N,Unprovoked
1988,1988-08-22,8.0,Louisiana,LA,New Orleans,Diving in Sharkey's Reef restaurants aquarium,False,,M,Arm bitten by captive shark PROVOKED INCIDENT,N,Provoked
1988,1988-09-13,9.0,Florida,FL,"Shell Island Panama City Beach, Bay County",Snorkeling,False,38.0,M,"FATAL, thigh & hand lacerated",Y,Unprovoked
1988,1988-09-13,9.0,Florida,FL,"Shell Island Panama City Beach, Bay County",Walking,False,,F,Dennis' hand injured; Ann's right forearm bitten,N,Unprovoked
1988,1988-09-28,9.0,Florida,FL,"New Smyrna Beach, Volusia County",Surfing,True,21.0,M,Lacerations to foot,N,Unprovoked
1988,1988-10-10,10.0,Florida,FL,"Playalinda, Brevard County",Surfing,True,23.0,M,Hand lacerated,N,Unprovoked
1988,1988-10-11,10.0,Florida,FL,"Fort Pierce, St. Lucie County ",Surfing,True,30.0,M,Left leg lacerated,N,Unprovoked
1988,1988-10-14,10.0,Florida,FL,"Boca Raton, Palm Beach County",Surfing,True,15.0,M,Lacerations to left thigh,N,Unprovoked
1988,1988-10-23,10.0,Oregon,OR,"Indian Beach, Ecola State Park, just north of Cannon Beach, Clatsop County ",Surfing (sitting on his board),True,21.0,M,Leg bitten & femur fractured,N,Unprovoked
1989,1989-01-08,1.0,Hawaii,HI,"Wailua, Kaua'i",Swimming in strong current with 3 others when he disappeared,False,,M,"Lower part of body found 6 days later, x-rays revealed teeth marks in femur & tibia",Y,Unprovoked
1989,1989-01-20,1.0,Hawaii,HI,"Waialua Beach, Moloka'i",Body boarding,True,10.0,M,Foot bitten,N,Unprovoked
1989,1989-01-26,1.0,California,CA,"Latigo Point / Paradise Cove, west of Malibu, Los Angeles County",Kayaking,False,24.0,M,Reported by media as shark attack but forensic evidence indicated the kayaker died prior to any shark involvement,Y,Invalid
1989,1989-01-26,1.0,California,CA,"Latigo Point / Paradise Cove,west of Malibu, Los Angeles County",Kayaking,False,24.0,F,"FATAL, thigh bitten, hands lacerated  ",Y,Unprovoked
1989,1989-04-03,4.0,Hawaii,HI,"Ho'okipa Beach, Pa'ia, Maui",Paddling on surfboard,True,,M,Calf lacerated,N,Unprovoked
1989,1989-04-09,4.0,California,CA,"Monterey Bay, Monterey County",,False,,,No injury to occupants. Shark rammed boat 4 times,N,Boat
1989,1989-04-12,4.0,Washington,WA,"Pacific Beach, Grays Harbor County",Surfing (lying prone on his board),True,,M,Forearm bitten,N,Unprovoked
1989,1989-04-23,4.0,Florida,FL,"Loggerhead Park, Juno Beach, Palm Beach County",Swimming,False,19.0,M,Right calf bitten,N,Unprovoked
1989,1989-06-17,6.0,Louisiana,LA,40 miles off Cocodrie,Spearfishing,False,45.0,M,Puncture wounds & lacerations to both legs,N,Unprovoked
1989,1989-06-29,6.0,Hawaii,HI,"Anahola, Kaua'i",Fell off surfboard 20' from shore,True,,M,Foot & ankle severely bitten,N,Unprovoked
1989,1989-07-07,7.0,Texas,TX,"Sargent Beach, Matagorda County",Playing,False,9.0,F,Leg bitten,N,Unprovoked
1989,1989-07-14,7.0,Florida,FL,"Cocoa Beach, Brevard County",Surfing,True,16.0,M,5-inch gash on left leg,N,Unprovoked
1989,1989-08-22,8.0,Florida,FL,"St Augustine, St Johns County",Swimming,False,21.0,M,3 wounds on left hand,N,Unprovoked
1989,1989-09-03,9.0,California,CA,24 km off Santa Catalina Island in the Channel Islands,Filming 5' blue shark,False,46.0,M,Hand  & both arms bitten   PROVOKED INCIDENT,N,Provoked
1989,1989-09-09,9.0,California,CA,"Southeast Farallon Island, Farallon Islands",Hookah diving for abalone (descending),False,38.0,M,Leg bitten,N,Unprovoked
1989,1989-09-09,9.0,North Carolina,NC,"Salvo, Dare County",Surfing,True,31.0,M,Non-fatal,N,Unprovoked
1989,1989-09-10,9.0,California,CA,"Off Palos Verdes Estates, Los Angeles",Observing a shark feeding on a carcass of a humpback whale,False,,,No injury to occupants. Shark bit boat's swim step & repeatedly pushed the boat away whenever if came within 4 to 5 m of the whale carcass,N,Boat
1989,1989-09-13,9.0,Florida,FL,"Gulf of Mexico, 22 miles from Pensacola","Fishing, stepped on hooked shark's head",False,51.0,M,Bitten by hooked shark PROVOKED INCIDENT,N,Provoked
1989,1989-10-08,10.0,North Carolina,NC,"Between Wrightsville Beach & Carolina Beach, New Hanover County",Diving,False,49.0,M,FATAL,Y,Invalid
1989,1989-10-11,10.0,Texas,TX,Surfside Beach,Surfing,True,12.0,M,Foot & leg bitten,N,Unprovoked
1989,1989-10-14,10.0,Hawaii,HI,"Kahe Point, O'ahu",Scuba diving,False,,M,"Disappeared 15 minutes into shallow dive. Decapitated body minus arm found by divers the following morning, then shark appeared and consumed most of remains",Y,Invalid
1989,1989-11-12,11.0,Hawaii,HI,"Ehukai Beach Park, Sunset Beach, O'ahu","Wading, knocked down & swept away by large waves",False,,M,Lower porton of body recovered 3 days later. Note: rare sighting of shark made at same beach on 11-5-1989 ,Y,Invalid
1989,1989-12-19,12.0,Hawaii,HI,"90 miles east of Hilo, Hawai'i",On board 51' fishing vessel One Ki,False,,M,Left leg & foot bitten  by shark brought onboard. PROVOKED INCIDENT,N,Provoked
1990,1990-01-12,1.0,California,CA,"Montera Beach, San Mateo County",Surfing (sitting on his board),True,,M,"No injury, board bitten",N,Unprovoked
1990,1990-02-05,2.0,Florida,FL,"Monster Hole, Sebastian Inlet, Indian River County",Board sailing,False,33.0,M,Foot bitten,N,Unprovoked
1990,1990-02-17,2.0,Hawaii,HI,"Mokapu, Kane'ohe Marine Air Corps Station, O'ahu",Scuba diving & spearfishing,False,,M,Right arm severed  FATAL,Y,Unprovoked
1990,1990-04-01,4.0,Hawaii,HI,"Silver (Silva) Channels, Waialua, O'ahu",Sitting on surfboard,True,,M,"Ankle lacerated, lower left leg severely abraded ",N,Unprovoked
1990,1990-07-08,7.0,Florida,FL,"Perdido Key near the Florida Panhandle, Escambia County",Surfing,True,17.0,M,Minor injury to left ankle & foot,N,Unprovoked
1990,1990-07-22,7.0,Texas,TX,"Mustang Island State Park, Nueces County",Wading,False,53.0,F,10-inch laceration to right foot,N,Unprovoked
1990,1990-08-19,8.0,Texas,TX,"Near Port Aransas, Nueces County",Wade fishing,False,18.0,M,Minor injury,N,Unprovoked
1990,1990-08-19,8.0,Texas,TX,"Mustang Island, Nueces County",Surfing,True,,M,Minor cuts to foot,N,Unprovoked
1990,1990-08-28,8.0,California,CA,"Trinidad Head, Humboldt County",Surfing,True,22.0,M,4 punctures on leg & board bitten,N,Unprovoked
1990,1990-08-30,8.0,Florida,FL,"Juno Beach / North Palm Beach, Palm Beach County",SCUBA diving,False,30.0,M,"Disappeared, body recovered with large bite on thigh",Y,Invalid
1990,1990-09-05,9.0,California,CA,"Trinidad State Beach, Humboldt County",Kayaking,False,44.0,M,"No injury, kayak capsized",N,Boat
1990,1990-09-08,9.0,California,CA,"Russian Gulch, Jenner, Sonoma County","Free diving / spearfishing, from paddleboard & floating on the surface",True,49.0,M,"Shark rammed & overturned paddleboard, knocking him into water & bit his head, lacerating his face & neck",N,Unprovoked
1990,1990-10-12,10.0,Florida,FL,"Stuart Beach, Martin County",Surfing,True,19.0,M,Superficial injuries to left foot & ankle,N,Unprovoked
1990,1990-10-15,10.0,Hawaii,HI,"Hanalei Point, Kaua'i",Surfing,True,43.0,M,"No Injury, board bitten",N,Unprovoked
1990,1990-10-20,10.0,Florida,FL,"North end of County Beach, Palm Beach County",Surfing,True,25.0,M,Wrist bitten,N,Unprovoked
1990,1990-10-30,10.0,Florida,FL,"Indialantic, Brevard County",Surfing,True,18.0,M,Cuts on left foot ,N,Unprovoked
1990,1990-10-30,10.0,Florida,FL,"Melbourne Beach, Brevard County",Surfing,True,50.0,M,"Hand & wrist bitten, tooth fragments in wound",N,Unprovoked
1990,1990-11-01,11.0,Florida,FL,"Spanish River Park Beach, Palm Beach County",Surfing,True,24.0,M,"Ear, shoulder, arm, wrist & ear injured",N,Unprovoked
1990,1990-11-03,11.0,California,CA,"Monastery Beach, Carmel Bay, Monterey County",Scuba diving (but on surface),True,,F,Leg bitten,N,Unprovoked
1991,1991-02-24,2.0,Oregon,OR,"Neskowin, Tillamook County",Surfing,True,38.0,M,Calf lacerated & board bitten,N,Unprovoked
1991,1991-04-03,4.0,Hawaii,HI,"One'ula Beach Park, 'Ewa Beach, O'ahu",Sitting on surfboard,True,,M,Deep lacerations to calf & ankle,N,Unprovoked
1991,1991-04-16,4.0,Florida,FL,"South of Ponce Inlet, New Smyrna Beach, Volusia County","Surfing, collided with shark",True,22.0,M,Right thigh,N,Unprovoked
1991,1991-04-16,4.0,Maryland,MD,Baltimore Aquarium,Diving,False,,,Minor injury by captive shark PROVOKED INCIDENT,N,Provoked
1991,1991-05-26,5.0,Hawaii,HI,"Ma'ili Beach, O'ahu",Sitting on surfboard,True,23.0,M,Right calf bitten,N,Unprovoked
1991,1991-06-07,6.0,Florida,FL,"Tampa Bay, Hillsborough County",Swimming behind sailboat,False,31.0,M,"Left ankle, calf, thigh and abdomen bitten",N,Unprovoked
1991,1991-06-26,6.0,Florida,FL,"Jacksonville Beach, Duval County",Surfing,True,18.0,M,Hand bitten,N,Unprovoked
1991,1991-07-01,7.0,California,CA,"8.5 miles south of Ano Nuevo State Reserve, Davenport County",Surfing,True,32.0,M,"Forearm, upper thigh, knee & ankle lacerated",N,Unprovoked
1991,1991-07-07,7.0,Florida,FL,"South Miami Beach, Dade County",Swimming,False,22.0,M,Arm bitten,N,Unprovoked
1991,1991-07-18,7.0,Florida,FL,150 miles from Crystal River,Swimming from makeshift raft  to life vest after fishing boat sank,False,42.0,M,Punctures in lower abdomen & groin ,N,Unprovoked
1991,1991-07-27,7.0,Florida,FL,"John Pennekamp Marine Park, Monroe County",Snorkeling,False,39.0,M,Arm bitten,N,Unprovoked
1991,1991-08-09,8.0,Florida,FL,Florida Bay,Fishing,False,,M,Laceration to right forearm PROVOKED INCIDENT,N,Provoked
1991,1991-08-12,8.0,Florida,FL,"Vero Beach, Indian River County",Wading,False,10.0,F,Bite to left thigh & calf,N,Unprovoked
1991,1991-08-26,8.0,South Carolina,SC,"Myrtle Beach, Horry County",Swimming,False,23.0,M,Deep cuts on lower leg,N,Unprovoked
1991,1991-10-05,10.0,California,CA,"Horseshoe Reef, Scott Creek, Davenport, Santa Cruz County",Surfing,True,32.0,M,"Arm, shoulder & back bitten",N,Unprovoked
1991,1991-10-12,10.0,Florida,FL,"Melbourne Beach, Brevard County",Surfing,True,21.0,M,Right foot & ankle lacerated,N,Unprovoked
1991,1991-11-14,11.0,Florida,FL,Near Port Canaveral Coast Guard Base,Fishing,False,,M,Hand bitten as he was cleaning hooked shark PROVOKED INCIDENT,N,Provoked
1991,1991-11-19,11.0,Hawaii,HI,"Maliko Point, Maui","Fishing from rocks, swept out to sea by large wave & treading water",False,,M,"Body not recovered, shorts found indicating shark bite on left side",Y,Unprovoked
1991,1991-11-26,11.0,Hawaii,HI,"Olowalu, Maui",Snorkeling,False,41.0,F,"FATAL, right leg at hip, left leg and right forearm severed  ",Y,Unprovoked
1991,1991-11-26,11.0,Hawaii,HI,"Olowalu, Maui",Snorkeling,False,,F,Right calf abraded,N,Unprovoked
1991,1991-12-04,12.0,California,CA,"Shelter Cover, north of Fort Bragg, Shelter Cove, Mendocino County",Hookah diving for sea urchins,False,25.0,M,"No injury, shark became tangled in hose & towed him 100'",N,Unprovoked
1992,1992-02-19,2.0,Hawaii,HI,"Leftovers, near Waimea Bay, O'ahu",Body boarding,True,,M,FATAL Disappeared. His board washed ashore next morning with crescent-shaped piece missing and serrated toothmarks of a shark,Y,Unprovoked
1992,1992-03-08,3.0,Oregon,OR,"Winchester Bay, Douglas County",Surfing (sitting on his board),True,21.0,M,"Left shoulder & side bitten, board broken",N,Unprovoked
1992,1992-03-28,3.0,Hawaii,HI,"Cannons, at Ha'ena on the north shore of Kaua'i Island","Surfing, paddling seawards",True,36.0,F,"Foot bitten, crescent of bitemarks in both sides of board",N,Unprovoked
1992,1992-05-31,5.0,North Carolina,NC,Wreck of the U-352 ,Scuba diving,False,45.0,M,Disappeared. His ripped dive jacket was recovered,Y,Invalid
1992,1992-07-21,7.0,Florida,FL,"Manasota Beach, Sarasota County",Standing,False,42.0,F,Lacerations to left foot,N,Unprovoked
1992,1992-07-23,7.0,Hawaii,HI,"Wai'anae, O'ahu","Zosimo & his son, Jeffrey Popa, failed to return from overnight fishing trip in a 14' boat, Boat apparently sank, debris recovered but his son & boat were never found",False,,M,"Death due to drowning. His body, tied to floating ice chest, had 2 small post-mortem bites ",Y,Invalid
1992,1992-08-17,8.0,Florida,FL,"Manalapan, Palm Beach County",Snorkeling,False,26.0,M,"Grabbed metal leader to shark, shark clamped on  & bit  left bicep PROVOKED INCIDENT",N,Provoked
1992,1992-08-18,8.0,California,CA,"Klamath River, Del Norte County",Surfing,True,22.0,M,"No injury, board bitten",N,Unprovoked
1992,1992-08-21,8.0,Hawaii,HI,"Twin Arches, Hana Ranch, Maui",Fell from cliff while fishing & disappeared in strong current,False,,M,Body recovered next morning. Injuries appeared to be inflicted post mortem,Y,Invalid
1992,1992-09-11,9.0,Florida,FL,"South Jetty, New Smyrna Beach, Volusia County",Standing,False,18.0,F,Right ankle & calf bitten,N,Unprovoked
1992,1992-09-13,9.0,Oregon,OR,"Gold Beach, Curry County",Surfing,True,20.0,M,Minor bruises,N,Unprovoked
1992,1992-10-22,10.0,Hawaii,HI,"Lanaikea, O'ahu",Surfing,True,28.0,M,"Chest & arm bruised & scratched, 15"" crescent-shaped piece removed from board",N,Unprovoked
1992,1992-10-29,10.0,California,CA,"Castle Rock, San Miguel Island, Santa Barbara County",Hookah diving for sea urchins,False,40.0,M,Foot & swim fin punctured,N,Unprovoked
1992,1992-11-05,11.0,Hawaii,HI,"Kea'au Beach Park, O'ahu",Body boarding,True,18.0,M,Right leg severely lacerated  FATAL,Y,Unprovoked
1992,1992-11-06,11.0,Florida,FL,"North Jetty Park, Fort Pierce, St Lucie County",Surfing,True,17.0,M,Heel bitten,N,Unprovoked
1992,1992-11-11,11.0,California,CA,"San Nicholas Island, Santa Barbara County",Scuba diving (submerged),False,40.0,M,Foot punctured,N,Unprovoked
1992,1992-11-14,11.0,California,CA,"Ano Nuevo, San Mateo County",Kayaking,False,46.0,M,"No injury, kayak bitten",N,Boat
1992,1992-11-23,11.0,Florida,FL,,Surfing,True,24.0,M,Right ankle bitten,N,Unprovoked
1992,1992-11-25,11.0,Florida,FL,"Brevard County, a mile north of Sebastian Inlet",Surfing,True,19.0,M,Forearm  & hand bitten; tooth fragments of the shark were recovered from the surfer's hand,N,Unprovoked
1992,1992-11-29,11.0,California,CA,"San Onofre, San Diego County ",Spearfishing / free diving,False,31.0,M,10 puncture wounds to right calf,N,Unprovoked
1992,1992-12-23,12.0,Hawaii,HI,"Chun's Reef, Laniakea, O'ahu",Lying on surfboard,True,30.0,M,"Minor lacerations to hand, 15"" crescent-shaped piece removed from surfboard",N,Unprovoked
1992,1992-12-28,12.0,Hawaii,HI,"Honomuni, Moloka'i","Standing in waist-deep water, helping his father tend a gill net containing dead fish",False,10.0,M,Right leg bruised & abraded,N,Unprovoked
1993,1993-01-02,1.0,Oregon,OR,"Bastendorf Beach, Coos County",Surfing,True,29.0,M,"No injury, shark bit board",N,Unprovoked
1993,1993-03-12,3.0,California,CA,"Linda Mar Beach, Pedro Point, San Mateo County",Free diving & spearfishing (ascending),False,55.0,M,"No injury, swim fin bitten",N,Unprovoked
1993,1993-03-14,3.0,Hawaii,HI,"Paradise Bay (next to Wailua Bay), Maui",Paddling on surfboard,True,35.0,M,Lower legs lacerated ,N,Unprovoked
1993,1993-03-22,3.0,Florida,FL,"Singer Island, Riviera Beach, Palm Beach County",Floating on his back,False,25.0,M,Both feet lacerated,N,Unprovoked
1993,1993-06-10,6.0,Hawaii,HI,"Goats Island (Mokuauia Island), Malaekahana State Recreation Area, Laie, O'ahu",Paddling on surfboard or body board,True,22.0,M,Feet & ankles bitten,N,Unprovoked
1993,1993-07-07,7.0,Florida,FL,"Daytona Beach, Volusia County",Playing,False,12.0,F,Right knee bitten,N,Unprovoked
1993,1993-08-12,8.0,California,CA,"Abalone Point, Westport Union Landing, Mendocino County",Free diving for abalone (ascending),False,39.0,M,Severe bites to head & shoulder,N,Unprovoked
1993,1993-08-15,8.0,North Carolina,NC,Pamlico Sound,Riding floatation device,False,19.0,F,Severe lacerations to abdomen & thighs,N,Unprovoked
1993,1993-08-15,8.0,California,CA,Between Santa Cruz Island and Santa Barbara,Watching the shark feeding on a dead pinniped,False,,,No injury to occupants; shark circled boat repeatedly then rammed the vessel 3 times,N,Boat
1993,1993-08-19,8.0,Hawaii,HI,"Paukukalo, Maui","Surfing, paddling seawards",True,,M,Abrasions & board bitten,N,Unprovoked
1993,1993-09-09,9.0,Florida,FL,"Little Talbot Island, Jacksonville, Duval County",,False,16.0,M,Left foot bitten,N,Unprovoked
1993,1993-09-14,9.0,Florida,FL,"Huguenot Memorial Park, Duval County",Wading,False,19.0,M,Left foot bitten,N,Unprovoked
1993,1993-10-10,10.0,California,CA,"Goat Rock, Bodega Bay, Sonoma County?",Kayaking,False,34.0,F,"No Injury, Kayak holed",N,Boat
1993,1993-10-26,10.0,Florida,FL,"Treasure Shores Beach, Indian River County",Swimming,False,26.0,F,Thigh & hand lacerated,N,Unprovoked
1993,1993-10-30,10.0,California,CA,"""Bunkers"" Eureka, Humboldt County",Surfing,True,26.0,M,Serious injury to left leg,N,Unprovoked
1993,1993-11-12,11.0,Hawaii,HI,"Horners, Wailua, Kaua'i","Surfing, paddling shorewards",True,,M,Left leg severely bitten,N,Unprovoked
1993,1993-11-28,11.0,Florida,FL,"North Beach Jetty, St Lucie County",Swimming,False,30.0,M,"""Minor cuts to left leg""",N,Unprovoked
1994,1994-01-31,1.0,Hawaii,HI,"Velzyland, north shore of O'ahu",Surfing,True,,M,FATAL,Y,Unprovoked
1994,1994-02-13,2.0,Hawaii,HI,Kailua Bay,Fishing,False,,M,Arm bitten while trying to secure shark caught by navy personnel from vessel PROVOKED INCIDENT,N,Provoked
1994,1994-02-19,2.0,Florida,FL,"Juno Beach, Palm Beach County",Surfing,True,23.0,M,Left foot bitten,N,Unprovoked
1994,1994-03-07,3.0,California,CA,,Removing shark from tank in nightclub,False,33.0,M,Arm lacerated by captive shark PROVOKED INCIDENT,N,Provoked
1994,1994-04-03,4.0,Florida,FL,"Miami Beach, Dade County",Freediving for seashells,False,71.0,M,Left shoulder lacerated,N,Unprovoked
1994,1994-05-15,5.0,Florida,FL,"New Smyrna Beach, Volusia County",Surfing,True,22.0,M,Right knee lacerated,N,Unprovoked
1994,1994-05-23,5.0,Florida,FL,"New Smyrna Beach, Volusia County",Wading,False,26.0,M,Gash on ankle,N,Unprovoked
1994,1994-05-24,5.0,Florida,FL,"Spessard Holland Park, Melbourne Beach, Brevard County",Wading,False,36.0,F,Lower left calf & ankle  lacerated,N,Unprovoked
1994,1994-05-28,5.0,Florida,FL,"3 miles east of Jacksonville Beach, Duval County",Spearfishing,False,35.0,M,Shoulder bitten,N,Unprovoked
1994,1994-05-31,5.0,Florida,FL," Daytona Beach, Volusia County",Surfing,True,28.0,M,Right foot lacerated,N,Unprovoked
1994,1994-05-31,5.0,Florida,FL,"Ponce Inlet, Volusia County",Surfing,True,24.0,M,Foot lacerated,N,Unprovoked
1994,1994-07-08,7.0,Florida,FL,"New Smyrna Beach, Volusia County",Surfing,True,15.0,M,Right calf lacerated,N,Unprovoked
1994,1994-09-05,9.0,Hawaii,HI,Makaha Surf Beach,Jumped off rocks into white water,False,12.0,F,Left calf bitten,N,Unprovoked
1994,1994-09-21,9.0,Oregon,OR,"Short Sand Beach, Oswald West State Park",Surfing,True,43.0,M,"No injury, surfboard bitten",N,Unprovoked
1994,1994-09-26,9.0,South Carolina,SC,"North Forest Beach, near Hilton Head, Beaufort County",Swimming,False,30.0,F,Right side of abdomen & left hand bitten,N,Unprovoked
1994,1994-10-05,10.0,Florida,FL,"Indialantic, Brevard County",Surfing,True,16.0,M,Foot bitten,N,Unprovoked
1994,1994-10-09,10.0,Florida,FL,"Bill Baggs Cape Florida State Recreation Area, Miami-Dade County",Wading,False,9.0,F,Ankle bitten when she accidently stepped on the shark  PROVOKED INCIDENT,N,Provoked
1994,1994-11-06,11.0,Hawaii,HI,"Kealia Beach, Kaua'i",Surfing,True,,,"No injury, shark bit surfboard",N,Unprovoked
1994,1994-11-13,11.0,Hawaii,HI,"Off the Hanalei River, Kaua'i","Surfing, paddling seawards",True,34.0,F,Right thigh & board bitten,N,Unprovoked
1994,1994-12-09,12.0,California,CA,"San Miguel Island, Santa Barbara County",Commercial diver (submerged or treading water),False,42.0,M,"FATAL, right leg nearly severed, puncture wounds to left leg ",Y,Unprovoked
1994,1994-12-18,12.0,Hawaii,HI,"Kinikini, Mana, Kaua'i","Surfing, sitting on board",True,,,"No injury, shark bit surfboard",N,Unprovoked
1995,1995-04-13,4.0,Florida,FL,"Ormond Beach, Volusia County",,False,20.0,M,Puncture wounds on right foot,N,Unprovoked
1995,1995-04-16,4.0,Florida,FL,"New Smyrna Beach, Volusia County",,False,12.0,M,Dorsum of right hand bitten,N,Invalid
1995,1995-05-26,5.0,Florida,FL,"Vero Beach, Indian River County",Surfing,True,15.0,M,Left foot bitten,N,Unprovoked
1995,1995-06-14,6.0,Hawaii,HI,"Opposite Grand Wailea Resort, Wailea, Maui",Swimming,False,38.0,M,Puncture wounds & scratches to torso & left leg ,N,Unprovoked
1995,1995-06-16,6.0,Florida,FL,"Tiger Shores Beach, Martin County",Swimming,False,10.0,F,Leg bitten,N,Unprovoked
1995,1995-06-17,6.0,Florida,FL,"Jensen Beach Park, Martin County",Swimming,False,45.0,M,Right leg bitten,N,Unprovoked
1995,1995-06-17,6.0,South Carolina,SC,"Garden City Beach, Horry County",Surfing,True,,M,Foot bitten,N,Unprovoked
1995,1995-06-23,6.0,Georgia,GA,"Tybee Island, Chatham County",Playing / jumping,False,13.0,M,Ankle bitten,N,Unprovoked
1995,1995-06-24,6.0,California,CA,"LaJolla Shores, San Diego County",Kayaking,False,,F,Minor injuries,N,Unprovoked
1995,1995-06-30,6.0,California,CA,"Bluefish Cove, Pt. Lobos State Park, Monterey County",Scuba diving (ascending using scooter),False,31.0,M,"Forearm, abdomen & upper leg lacerated",N,Unprovoked
1995,1995-07-03,7.0,Mississippi,MS,"Cat Island, Harrison County",Fishing,False,32.0,F,Minor laceration to leg from a hooked shark PROVOKED INCIDENT,N,Provoked
1995,1995-07-06,7.0,Texas,TX,Port Aransas,Surfing,True,34.0,M,Foot bitten,N,Unprovoked
1995,1995-07-23,7.0,Florida,FL,"South Jetty, New Smyrna Beach, Volusia County",Body boarding,True,47.0,M,Foot bitten,N,Unprovoked
1995,1995-07-24,7.0,South Carolina,SC,"Pawleys Island, Georgetown County",Swimming,False,7.0,F,Right foot bitten,N,Unprovoked
1995,1995-07-28,7.0,Florida,FL,"New Smyrna Beach, Volusia County",Surfing,True,,M,Left foot bitten,N,Unprovoked
1995,1995-07-28,7.0,Florida,FL,"New Smyrna Beach, Volusia County",Surfing,True,,M,Minor laceration on lower leg,N,Unprovoked
1995,1995-07-28,7.0,South Carolina,SC,"Pawleys Island, Georgetown County",,False,12.0,M,Hand bitten (minor injury),N,Unprovoked
1995,1995-07-28,7.0,Florida,FL,"New Smyrna Beach, Volusia County",Standing,False,18.0,M,2-inch laceration to lower right leg ,N,Unprovoked
1995,1995-07-28,7.0,Florida,FL,"New Smyrna Beach, Volusia County",Surfing,True,18.0,M,Laceration to heel,N,Unprovoked
1995,1995-08-07,8.0,Florida,FL,"Ponce de Leon Inlet, Volusia County ",Body boarding,True,12.0,M,Multiple bites on right leg and knee,N,Unprovoked
1995,1995-08-10,8.0,South Carolina,SC,"Ocean Lakes Campground, south of Myrtle Beach, Horry County","""Riding waves on a board""",False,14.0,F,Left foot bitten,N,Unprovoked
1995,1995-08-10,8.0,Florida,FL,"Ponce Inlet, Volusia County",Surfing,True,20.0,M,Laceration to left heel,N,Unprovoked
1995,1995-08-13,8.0,North Carolina,NC,"Emerald Isle, Carteret County",Swimming,False,15.0,M,Death resulted fom drowning; shark bites were post-mortem,Y,Invalid
1995,1995-08-15,8.0,Florida,FL,"Daytona Beach, Volusia County ",Wading,False,20.0,M,Thigh lacerated,N,Unprovoked
1995,1995-08-21,8.0,North Carolina,NC,Cape Lookout Bight,Diving,False,,,No injury,N,Unprovoked
1995,1995-08-22,8.0,North Carolina,NC,"Wrightsville Beach, New Hanover County",Swimming,False,23.0,M,Right foot bitten,N,Unprovoked
1995,1995-08-22,8.0,Florida,FL,"Ponce de Leon Inlet, Volusia County",Surfing,True,19.0,M,Bottom of left foot gashed,N,Unprovoked
1995,1995-08-25,8.0,North Carolina,NC,"Off Masonboro Island, New Hanover County",Swimming,False,16.0,M,Left arm bitten,N,Unprovoked
1995,1995-08-26,8.0,Florida,FL,"Crescent Beach, St. Johns County",Surfing,True,16.0,M,Left elbow bitten,N,Unprovoked
1995,1995-08-26,8.0,Florida,FL,"Ponce de Leon Inlet, Volusia County",Surfing,True,18.0,M,4 puncture wounds on right pinky finger,N,Unprovoked
1995,1995-08-31,8.0,South Carolina,SC,"Myrtle Beach, Horry County",On a float,False,44.0,M,Puncture wounds on ankle & leg,N,Unprovoked
1995,1995-08-31,8.0,Florida,FL,"North Beach Inlet, St. Lucie County",Surfing,True,19.0,M,Left hand & forearm bitten,N,Unprovoked
1995,1995-09-03,9.0,North Carolina,NC,"Bald Head Island, Brunswick County",Swimming,False,9.0,M,Laceration to lower leg,N,Invalid
1995,1995-09-03,9.0,California,CA,"Shelter Cove, Humboldt County",Abalone diving using Hookah (resting on the surface),True,32.0,M,Lower leg bitten,N,Unprovoked
1995,1995-09-13,9.0,Florida,FL,"Alligator Reef, off Islamorada, Monroe County",Scuba diving,False,25.0,M,"Presumed FATAL, body not recovered",Y,Unprovoked
1995,1995-09-17,9.0,Florida,FL,"Daytona Beach, Volusia County",Swimming,False,19.0,F,Left elbow and bicep bitten,N,Unprovoked
1995,1995-09-19,9.0,Florida,FL,"Matanzas Bay Inlet, St. Johns County",Surfing,True,19.0,M,Left arm & hand lacerated,N,Unprovoked
1995,1995-09-28,9.0,California,CA,"Davenport Landing, Santa Cruz County",Windsurfing,True,25.0,M,"Right foot bruised, board bitten",N,Unprovoked
1995,1995-09-30,9.0,Florida,FL,"Crescent Beach, St. Augustine, St. Johns County",Surfing,True,14.0,M,4 punctures in left foot,N,Unprovoked
1995,1995-09-30,9.0,Florida,FL,"North Beach, Hutchinson Island, St. Lucie County",Surfing,True,17.0,M,Leg & ankle bitten,N,Unprovoked
1995,1995-10-01,10.0,Florida,FL,"Ormond Beach, Volusia County",Surfing,True,39.0,M,Right arm injured,N,Unprovoked
1995,1995-10-21,10.0,Florida,FL,"North Beach, St. Lucie County",Surfing,True,17.0,M,Foot bitten,N,Unprovoked
1995,1995-11-25,11.0,Hawaii,HI,"Ha'ena, Kaua'i",,False,,M,Minor injury,N,Invalid
1995,1995-12-18,12.0,Hawaii,HI,Southwest of O'ahu,,False,,M,No details,,Unprovoked
1996,1996-01-16,1.0,Hawaii,HI,"KaelekiI Point, Maui",Swimming with mask & snorkel,False,53.0,M,Lacerations to left foot & right shin,N,Unprovoked
1996,1996-01-23,1.0,Florida,FL,"Florida Keys, Monroe County",Wading,False,33.0,M,Shark bit his leg after he grabbed its tail & wouldn't let go PROVOKED INCIDENT,N,Provoked
1996,1996-04-28,4.0,Hawaii,HI,"La'ie Point, O'ahu",,False,,M,No details,,Unprovoked
1996,1996-05-07,5.0,Florida,FL,"Shark Shallows, Ponce Inlet, Volusia County",Surfing,True,27.0,M,Left foot & leg bitten,N,Unprovoked
1996,1996-05-18,5.0,Florida,FL,"South of Ponce Inlet, Volusia County",Surfing,True,22.0,M,Right foot & ankle bitten,N,Unprovoked
1996,1996-06-25,6.0,South Carolina,SC,"Fripp Island, Beaufort County",Body surfing,True,24.0,F,"Lacerations to left shin, heel & foot",N,Unprovoked
1996,1996-07-04,7.0,Florida,FL,"Public Beach, Siesta Key, Sarasota County",Standing,False,63.0,F,Laceration on left foot,N,Unprovoked
1996,1996-07-10,7.0,Florida,FL,"New Smyrna Beach, Volusia County",,False,18.0,M,Right foot bitten,N,Unprovoked
1996,1996-07-14,7.0,Hawaii,HI,"Nakalele Point, Maui",,False,,,No details,,Unprovoked
1996,1996-07-20,7.0,Florida,FL,"New Smyrna Beach, Volusia County",Swimming,False,9.0,M,Laceration to right arm,N,Unprovoked
1996,1996-07-21,7.0,Massachusetts,MA,"Truro (Cape Cod), Barnstable County",Swimming,False,46.0,M,Lacerations to left leg & right foot ,N,Unprovoked
1996,1996-07-26,7.0,Florida,FL,"Wiggins Pass, Collier County",Standing,False,8.0,F,Survived,N,Unprovoked
1996,1996-08-11,8.0,Florida,FL,"Bayshore Garden, Sarasota Bay, Sarasota County",Wade fishing,False,21.0,M,"No injury, towed by shark that grabbed stringer of fish tied to his waist",N,Unprovoked
1996,1996-08-13,8.0,California,CA,"Bird Rock, Tomales Point",Free diving for abalone,False,36.0,M,"Left shoulder, forearm, hand & abdomen lacerated",N,Unprovoked
1996,1996-08-29,8.0,Hawaii,HI,"Paukukalo, Maui",Body Boarding,True,19.0,M,Right calf bitten,N,Unprovoked
1996,1996-09-01,9.0,South Carolina,SC,"Garden City Beach, Horry County",Boogie boarding,True,28.0,F,Minor injuries to foot,N,Invalid
1996,1996-09-02,9.0,Florida,FL,"Bethune Beach, Volusia County",Sitting on surfboard,True,28.0,M,Small lacerations on left foot,N,Unprovoked
1996,1996-09-02,9.0,Florida,FL,"Behune Beach, Volusia County",Standing,False,5.0,M,Right foot bitten,N,Unprovoked
1996,1996-09-06,9.0,Florida,FL,"New Smyrna Beach, Volusia County",Surfing / Swimming,True,19.0,M,Small puncture wounds and lacerations on right leg just below knee,N,Unprovoked
1996,1996-09-18,9.0,Florida,FL,"New Smyrna Beach, Volusia County",Swimming,False,14.0,M,4 or 5 lacerations on left ankle,N,Unprovoked
1996,1996-10-03,10.0,California,CA,"North Salmon Creek Beach, Sonoma County",Surfing,True,31.0,M,"No Injury, shark struck his board",N,Unprovoked
1996,1996-10-03,10.0,Florida,FL,"Cocoa Beach, Brevard County",Surfing,True,21.0,M,"4"" laceration on left forearm",N,Unprovoked
1996,1996-10-05,10.0,California,CA,"Dillon Beach, Marin County",Surfing,True,22.0,M,Lower leg bitten,N,Unprovoked
1996,1996-11-18,11.0,Florida,FL,"Coral Cove Park, Palm Beach County",Surfing,True,26.0,M,Right foot bitten,N,Unprovoked
1996,1996-11-29,11.0,California,CA,"Salmon Creek Beach, Sonoma County",Surfing,True,45.0,M,Single laceration on ankle & board bitten,N,Unprovoked
1997,1997-02-21,2.0,Hawaii,HI,"Sunset Beach, O'ahu",,False,,M,No details,,Unprovoked
1997,1997-05-31,5.0,Florida,FL,In Gulf of Mexico 17 miles off Weeki Wachee ,Spearfishing,False,35.0,M,Right thigh punctured,N,Unprovoked
1997,1997-05-31,5.0,Florida,FL,"Flagler Beach, Flagler County",Surfing,True,12.0,M,Left ankle bitten,N,Unprovoked
1997,1997-05-31,5.0,Florida,FL,"Flagler Beach, Flagler County",Surfing,True,34.0,M,Left elbow bitten,N,Unprovoked
1997,1997-06-02,6.0,Florida,FL,"Daytona Beach Shores,  Volusia County","Body surfing, stood up on sandbar",True,33.0,M,4 lacerations above left ankle,N,Unprovoked
1997,1997-06-09,6.0,Florida,FL, Palm Beach County,Surfing,True,18.0,M,Laceration to left upper arm,N,Unprovoked
1997,1997-06-24,6.0,Hawaii,HI,"Sunset Beach, Oahu",Spearfishing / night diving,False,,M,Leg bitten just above ankle,N,Unprovoked
1997,1997-07-14,7.0,South Carolina,SC,"Myrtle Beach, Horry County",Standing,False,50.0,M,Left calf bitten,N,Unprovoked
1997,1997-08-02,8.0,Florida,FL,"New Smyrna Beach, Volusia County",Wading / Surfing,True,19.0,M,Top of left foot bitten,N,Unprovoked
1997,1997-08-02,8.0,Florida,FL,"New Smyrna Beach, Volusia County",Body surfing,True,17.0,M,Top of left foot bitten,N,Unprovoked
1997,1997-08-04,8.0,Florida,FL,"Carysfort Lighthouse, Key Largo, Monroe County",Wade-fishing,False,,M,Left forearm & wrist bitten,N,Unprovoked
1997,1997-08-05,8.0,Texas,TX,"East Beach, Galveston",Wading,False,10.0,F,Wrist & am bitten,N,Unprovoked
1997,1997-08-09,8.0,Florida,FL,"New Smyrna Beach, Volusia County",Surfing,True,,M,Lacerations to right foot,N,Unprovoked
1997,1997-08-10,8.0,Florida,FL,"New Smyrna Beach, Volusia County",Boogie boarding,True,17.0,M,Lacerations to foot,N,Unprovoked
1997,1997-08-11,8.0,Florida,FL,"New Smyrna Beach, Volusia County",Floating on raft,False,12.0,F,Small lacerations on right lower leg,N,Unprovoked
1997,1997-08-24,8.0,California,CA,"Clam Beach, near Eureka, Humboldt County",Surfing (sitting on his board),True,29.0,M,Leg & hand bitten,N,Unprovoked
1997,1997-08-27,8.0,Florida,FL,"New Smyrna Beach, Volusia County",Walking / surfing,True,22.0,M,"2"" laceration on left heel",N,Unprovoked
1997,1997-08-30,8.0,Florida,FL,"New Smyrna Beach, Volusia County",Surfing,True,18.0,M,Lacerations on right ankle & heel,N,Unprovoked
1997,1997-09-06,9.0,Florida,FL,"New Smyrna Beach, Volusia County",Surfing,True,20.0,M,Lacerations to lower left leg,N,Unprovoked
1997,1997-09-08,9.0,Florida,FL,"New Smyrna Beach, Volusia County",Surfing,True,17.0,,2 small lacerations to bottom of foot,N,Unprovoked
1997,1997-09-09,9.0,Florida,FL,Volusia County  ,Surfing,True,12.0,M,Laceration to right foot,N,Unprovoked
1997,1997-10-04,10.0,Florida,FL,"Daytona Beach, Volusia County",Swimming,False,14.0,F,Laceration & 3 puncture wounds to anterior right thigh,N,Unprovoked
1997,1997-10-21,10.0,Florida,FL,"North Jetty, Fort Pierce Inlet State Park, St. Lucie County",Surfing,True,12.0,M,Left foot bitten,N,Unprovoked
1997,1997-10-24,10.0,Florida,FL,"North Jetty, Fort Pierce Inlet State Park, St. Lucie County",Surfing,True,23.0,M,"5"" gash in foot",N,Unprovoked
1997,1997-10-28,10.0,Hawaii,HI,"Waiokapua Bay/Majors Bay, Brennecke Beach, Poipu, Kaua'i Island",Body boarding or surfing,True,19.0,M,"Both legs bitten, right leg severed at mid-calf & defense wounds on right hand",N,Unprovoked
1997,1997-12-25,12.0,Florida,FL,"Fort Lauderdale, Broward County",,False,29.0,F,"Ankle bitten, but shark involvement unconfirmed",N,Invalid
1997,1997-12-25,12.0,Florida,FL,"Hollywood Beach, Broward County",Swimming,False,8.0,M,Left leg gashed knee to ankle,N,Unprovoked
1998,1998-02-23,2.0,Florida,FL,"Jensen Beach, Martin County",Swimming,False,,M,Hands bitten,N,Unprovoked
1998,1998-03-08,3.0,Florida,FL,"Loggerhead Park, Juno Beach, Palm Beach County",Swimming or paddle boarding,False,32.0,M,6 puncture wounds to right calf,N,Unprovoked
1998,1998-03-31,3.0,Florida,FL,"Jensen Beach Park, Martin County",Swimming,False,40.0,M,Heel lacerated,N,Unprovoked
1998,1998-04-17,4.0,Florida,FL,"Marathon, Monroe County",Scuba diving,False,16.0,M,"He grabbed shark's tail, shark bit his chest & held on.  PROVOKED INCIDENT",N,Provoked
1998,1998-04-21,4.0,Oregon,OR,Gleneden Beach,Surfing (lying prone on his board),True,50.0,M,Right thigh bitten,N,Unprovoked
1998,1998-05-16,5.0,Florida,FL,"Walden Rocks, St. Lucie County",Swimming / surfing,True,24.0,M,Left arm & wrist lacerated,N,Unprovoked
1998,1998-05-16,5.0,Florida,FL,"Pecks Lake, Martin County",Swimming,False,14.0,F,Ankle & foot bitten,N,Unprovoked
1998,1998-05-25,5.0,Florida,FL,"New Smyrna Beach, Volusia County",Surfing,True,40.0,M,4 lacerations on the sole of his right foot,N,Unprovoked
1998,1998-06-08,6.0,Florida,FL,"Daytona Beach, Volusia County",Surfing,True,18.0,M,"2-inch laceration on dorsum of foot, 1-inch laceration on sole.",N,Unprovoked
1998,1998-07-25,7.0,Florida,FL,"New Smyrna Beach, Volusia County",Surfing,True,13.0,M,Calf bitten,N,Unprovoked
1998,1998-08-13,8.0,Florida,FL,"Ponce Inlet, Volusia County",Body-boarding,False,11.0,M,Left calf injured,N,Unprovoked
1998,1998-08-26,8.0,California,CA,"Stinson Beach, Marin County",Boogie boarding,True,16.0,M,"Thigh, buttocks & lower back lacerated",N,Unprovoked
1998,1998-08-30,8.0,Florida,FL,"Ponce Inlet, Volusia County",Surfing,True,26.0,M,Toes lacerated,N,Unprovoked
1998,1998-09-14,9.0,Florida,FL,"Stuart Beach, Martin County",Surfing,True,28.0,M,Right foot bitten,N,Unprovoked
1998,1998-09-22,9.0,Florida,FL,"New Smyrna Beach, Volusia County",Surfing,True,18.0,M,Left arm lacerated,N,Unprovoked
1998,1998-09-27,9.0,Florida,FL,"The Rocks, Hutchinson Island, Martin County",Surfing,True,6.0,M,Puncture wounds to leg,N,Unprovoked
1998,1998-10-01,10.0,Florida,FL,"New Smyrna Beach, Volusia County",,False,28.0,M,2 one-inch lacerations in left foot,N,Unprovoked
1998,1998-10-10,10.0,Florida,FL,"Sebastian Inlet, Indian River County",Surfing,True,,M,Right hand bitten,N,Unprovoked
1998,1998-10-24,10.0,Florida,FL,"Jupiter Beach, Palm Beach County",Swimming,False,17.0,F,Minor lacerations on right ankle & foot,N,Unprovoked
1998,1998-11-05,11.0,Oregon,OR,Winchester Bay,Surfing,True,32.0,M,No injury,N,Unprovoked
1998,1998-11-11,11.0,Florida,FL,"South Beach Park, Indian River County",Walking,False,13.0,M,Survived,N,Unprovoked
1998,1998-11-14,11.0,Florida,FL,"New Smyrna Beach, Volusia County",Surfing,True,14.0,M,Right foot bitten,N,Unprovoked
1998,1998-11-21,11.0,Florida,FL,"Ocean Beach, Jaycee Park, Vero Beach, Indian River County",Swimming,False,9.0,M,FATAL,Y,Unprovoked
1998,1998-12-24,12.0,Florida,FL,"Ormond Beach, Volusia County",Surfing,True,19.0,M,Left foot bitten after he accidentally stepped on the shark         PROVOKED INCIDENT ,N,Provoked
1999,1999-02-03,2.0,Florida,FL,"Hobe Sound, Martin County",Surfing,True,25.0,M,Left hand bitten,N,Unprovoked
1999,1999-02-26,2.0,North Carolina,NC,Frying Pan Shoals,Cruising,False,,,"No injury to occupants, boat sank after colliding with shark",N,Boat
1999,1999-03-05,3.0,Hawaii,HI,"Quarter mile offshore in Kaanapali, West Maui",Swimming near pod of whales,False,29.0,F,Tissue removed knee to thigh,N,Unprovoked
1999,1999-03-08,3.0,Hawaii,HI,"Kealia Beach, Kaua'i",Body surfing or body boarding,True,18.0,M,Bruised right leg,N,Unprovoked
1999,1999-03-18,3.0,Hawaii,HI,"Olowalu side of Lahina, Maui ","Swimming, towing a kayak",False,29.0,F,"FATAL, arm bitten ",Y,Unprovoked
1999,1999-04-01,4.0,Florida,FL,"Hobe Sound Beach, Palm Beach County",Surfing,True,14.0,M,Ankle bitten,N,Unprovoked
1999,1999-06-09,6.0,Florida,FL,"Atlantic Dunes Park, Delray Beach, Palm Beach County",Splashing / wading,False,5.0,M,Knee lacerated,N,Unprovoked
1999,1999-06-12,6.0,Florida,FL,"Atlantiic Beach, Duval County",Swimming,False,41.0,M,8-inch bite on calf,N,Unprovoked
1999,1999-06-17,6.0,Florida,FL,"South of Ponce Inlet, Volusia County",Surfing,True,21.0,M,Right hand and wrist lacerated,N,Unprovoked
1999,1999-06-19,6.0,Florida,FL,"11 miles off Dog Island in the Gulf of Mexico, Franklin County",Adrift in a life jacket,False,20.0,M,9-inch gash in left foot ,N,Unprovoked
1999,1999-07-04,7.0,Florida,FL,"Pensacola  Beach, Escambia County",Wading in school of baitfish,False,30.0,F,Lacerations knee to ankle,N,Unprovoked
1999,1999-07-06,7.0,South Carolina,SC,Charleston,,False,,M,Five cuts on his heel,N,Unprovoked
1999,1999-07-21,7.0,Hawaii,HI,Honoli'i in Hilo (west side of Big Island),Surfing,True,43.0,M,Right thigh & buttock bitten,N,Unprovoked
1999,1999-07-26,7.0,Florida,FL,"Two miles off Key Colony Beach, Monroe County",Swimming with dolphins,False,43.0,M,Ankle bitten,N,Unprovoked
1999,1999-08-05,8.0,Florida,FL,"New Smyrna Beach, Volusia County",Body surfing,True,62.0,M,Right ankle & heel  lacerated,N,Unprovoked
1999,1999-08-16,8.0,South Carolina,SC,"Grand Strand, Myrtle Beach, Horry County",Lying prone in 2' of water,False,10.0,M,"Ear lacerated, cuts on scalp, back, arm & shoulder ",N,Unprovoked
1999,1999-08-21,8.0,Florida,FL,"Ponce Inlet, Volusia County",Surfing,True,17.0,M,Small lacerations to right foot,N,Unprovoked
1999,1999-08-24,8.0,North Carolina,NC,"Fort Fisher, New Hanover County",Surfing,True,,M,Foot injured,N,Unprovoked
1999,1999-08-26,8.0,Florida,FL,"Bethune Beach, south of New Smyrna Beach, Volusia County",Surfing,True,28.0,M,3-inch laceration to right foot,N,Unprovoked
1999,1999-09-04,9.0,Florida,FL,"Ponce Inlet, Volusia County",Wading with surfboard,True,39.0,M,Right foot bitten,N,Unprovoked
1999,1999-09-04,9.0,Florida,FL,"World Typhoon Lagoon, Disney Water Park, Orange County",Wading,False,7.0,M,Left knee nipped by captive shark PROVOKED INCIDENT,N,Provoked
1999,1999-09-05,9.0,Florida,FL,"Fort Pierce Inlet, St. Lucie County",Surfing,True,13.0,M,Right foot bitten,N,Unprovoked
1999,1999-09-10,9.0,South Carolina,SC,"Isle of Palms, Charleston County",Wading,False,10.0,F,Toes lacerated,N,Unprovoked
1999,1999-09-29,9.0,Florida,FL,"South side of Ponce de Leon Inlet, Volusia County",Wading to shore after surfing,True,22.0,M,3 one-inch lacerations to sole of right foot,N,Unprovoked
1999,1999-10-01,10.0,Hawaii,HI,Old Kona Airport State Park,"Surfing, lying on surfboard",True,16.0,M,Right arm bitten,N,Unprovoked
1999,1999-10-20,10.0,Florida,FL,"Pet Den, Satellite Beach, Brevard County",Surfing,True,,M,Lacerations to right hand & wrist,N,Unprovoked
1999,1999-10-30,10.0,Florida,FL,"Daytona Beach, Volusia County",Body boarding,True,45.0,M,Right foot lacerated,N,Unprovoked
1999,1999-10-30,10.0,Florida,FL,"Gulfstream Park beach, Palm Beach County",Body surfing,True,13.0,M,"Shark bit 8"" chunk from swim fin",N,Unprovoked
1999,1999-11-15,11.0,California,CA,"Waddell Reef, Santa Cruz County",Surfing (sitting on his board),True,,M,"No injury, board bitten",N,Unprovoked
1999,1999-11-23,11.0,Hawaii,HI,"Big Island off Kona Village Resort, North Kona",Swimming,False,51.0,F,"Buttock bitten, hands lacerated",N,Unprovoked
1999,1999-11-30,11.0,Florida,FL,"Palm Beach, Palm Beach County",Surfing,True,19.0,M,Lacerations to hand & wrist,N,Unprovoked
1999,1999-12-02,12.0,Florida,FL,"Boynton Beach, Palm Beach County",Surfing,True,35.0,M,Right arm & fingers lacerated,N,Unprovoked
1999,1999-12-14,12.0,California,CA,"Off Ventura, Anacapa & Santa Cruz Islands",Scuba diving,False,,M,"Presumed taken by a shark,  but forensic evidence suggested otherwise.",Y,Invalid
2000,2000-02-21,2.0,Florida,FL,"Riviera Beach, Palm Beach County",,False,27.0,M,Right calf bitten,N,Unprovoked
2000,2000-03-24,3.0,Florida,FL,"Floridana Beach, Brevard County",Surfing,True,37.0,M,Left hand bitten,N,Unprovoked
2000,2000-03-26,3.0,Florida,FL,"Juno Beach, Palm Beach County",Boogie boarding,True,14.0,F,Right knee lacerated,N,Unprovoked
2000,2000-03-31,3.0,Florida,FL,Santa Rosa Sound Escambia County,Fishing,False,,M,"No Injury, bumped by shark",N,Unprovoked
2000,2000-04-09,4.0,Florida,FL,"Municipal Beach, Riviera Beach, Palm Beach County",Boogie boarding / wading,True,,M,Puncture marks on right thigh,N,Unprovoked
2000,2000-04-14,4.0,Florida,FL,"On the south side of Ponce Inlet, Volusia County",Walking,False,34.0,M,Left foot lacerated,N,Unprovoked
2000,2000-06-02,6.0,Florida,FL,"27th Avenue, New Smyrna Beach, Volusia County",Snorkeling,False,13.0,M,Right forearm lacerated,N,Unprovoked
2000,2000-06-09,6.0,Alabama,AL,"Gulf Shores, Baldwin County",Swimming,False,44.0,M,Right forearm severed surgically amputated above elbow,N,Unprovoked
2000,2000-06-09,6.0,Alabama,AL,"Gulf Shores, Baldwin County",Swimming,False,55.0,M,Puncture wounds on right hip and arm,N,Unprovoked
2000,2000-06-10,6.0,Texas,TX,"J.P. Luby Surf Park, Corpus Christi",Surfing,True,17.0,M,Foot lacerated,N,Unprovoked
2000,2000-06-13,6.0,Florida,FL,"Pensacola Bay, Escambia County",Sailing,False,,,"No injury to occupants, boat's rear platform bitten",N,Boat
2000,2000-06-19,6.0,Florida,FL,"Seminole Avenue, Ormond Beach, Volusia County",Standing,False,52.0,M,Right ankle lacerated,N,Unprovoked
2000,2000-07-02,7.0,Florida,FL,"Smyrna Dunes Park, New Smyrna Beach, Volusia County",Standing,False,19.0,F,Left thigh lacerated,N,Unprovoked
2000,2000-07-02,7.0,Florida,FL,"Smyrna Dunes  Park, New Smyrna Beach, Volusia County",Wading,False,13.0,F,Left calf & hand lacerated,N,Unprovoked
2000,2000-07-04,7.0,Florida,FL,"Artifical reef 3 miles off Manatee Beach, Manatee County","Spearfishing, holding mesh bag with speared fish",False,55.0,F,Lower right calf lacerated,N,Unprovoked
2000,2000-07-04,7.0,Florida,FL,"Daytona Beach, Volusia County",Wading,False,20.0,F,Left inner thigh,N,Unprovoked
2000,2000-07-06,7.0,North Carolina,NC,"Pine Island, Corolla, Currituck County",Playing,False,12.0,F,Calf lacerated,N,Unprovoked
2000,2000-07-07,7.0,Texas,TX,"Mustang Island, Corpus Christi",Jumping,False,5.0,M,Ankle & foot lacerated,N,Unprovoked
2000,2000-07-09,7.0,Florida,FL,"Neptune Avenue, Ormond Beach, Volusia County",Swimming,False,41.0,M,Knee & calf lacerated,N,Unprovoked
2000,2000-07-10,7.0,Florida,FL,"Daytona  Beach, Volusia County",Wading,False,13.0,M,Minor laceration & 3 punctures to right foot,N,Unprovoked
2000,2000-07-16,7.0,North Carolina,NC,"Holden Beach, Brunswick County",Surfing,True,14.0,M,Minor lacerations on foot,N,Unprovoked
2000,2000-07-17,7.0,North Carolina,NC,"Oceanic Pier, Wrightsville Beach, New Hanover County",Surfing,True,16.0,M,Foot lacerated,N,Unprovoked
2000,2000-07-22,7.0,Florida,FL,"Big Pine Key, Monroe County ",Snorkeling,False,45.0,F,Leg pinched,N,Unprovoked
2000,2000-07-25,7.0,Florida,FL,"New Smyrna Beach, Volusia County",,False,5.0,M,Minor laceration on left leg,N,Unprovoked
2000,2000-08-10,8.0,Florida,FL,Florida Keys,Attempting to illegally enter the USA,False,23.0,M,Shark involvement probably post-mortem,Y,Invalid
2000,2000-08-11,8.0,North Carolina,NC,"Emerald Isle, Carteret County",Swimming,False,,M,Non-fatal,N,Invalid
2000,2000-08-12,8.0,Florida,FL,"St. Augustine, St. Johns County",Standing,False,44.0,F,Severely bitten on lower leg ,N,Unprovoked
2000,2000-08-13,8.0,Florida,FL,"South Jacksonville Beach, Duval County",Surfing / Wading,True,27.0,M,Minor lacerations to the dorsum of the right foot,N,Unprovoked
2000,2000-08-15,8.0,Hawaii,HI,"Kanaha Beach, Maui","Windsurfing, but sitting on his board",True,53.0,M,Left calf lacerated,N,Unprovoked
2000,2000-08-21,8.0,North Carolina,NC,"Bouges Bank, Emerald Isle, Carteret County",Swimming out to porpoises,False,,M,"Severe gash to left hand above wrist, almost severing hand",N,Unprovoked
2000,2000-08-30,8.0,Florida,FL,"Boca Ciega Bay, Tampa, Pinellas County",Jumped into the water,False,69.0,M,FATAL,Y,Unprovoked
2000,2000-08-31,8.0,Florida,FL,"New Smyrna Beach, Volusia County",Swimming,False,47.0,M,Punctures & lacerations on right foot,N,Unprovoked
2000,2000-09-08,9.0,Florida,FL,"New Smyrna Beach, Volusia County",Wading,False,40.0,M,Left foot lacerated ,N,Unprovoked
2000,2000-09-10,9.0,Florida,FL,"Vero Beach, Indian River County",Swimming,False,8.0,M,Minor injury to arm and hand,N,Unprovoked
2000,2000-09-11,9.0,Florida,FL,"Daytona Beach Shores, Volusia County",Swimming / Body surfing,True,25.0,M,Finger lacerated,N,Unprovoked
2000,2000-09-12,9.0,Florida,FL,"Sebastian Inlet, Indian River or Brevard County",Surfing,True,26.0,F,Puncture wounds on knee,N,Unprovoked
2000,2000-09-15,9.0,Florida,FL,"Fort Pierce Inlet, St Lucie County",Standing / surfing,True,49.0,M,Right lower leg & ankle lacerated,N,Unprovoked
2000,2000-09-16,9.0,South Carolina,SC,"Isle of Palms, Charleston County",,False,,,Non-fatal,N,Unprovoked
2000,2000-09-29,9.0,California,CA,"Mavericks, Half Moon Bay, San Mateo County",Sitting on surfboard,True,,M,No injury,N,Unprovoked
2000,2000-10-02,10.0,North Carolina,NC,"Wrightsville Beach, New Hanover County",Surfing,True,24.0,M,Upper left arm lacerated,N,Unprovoked
2000,2000-10-06,10.0,Florida,FL,"New Smyrna Beach, Volusia County",Body surfing,True,11.0,M,Right foot & heel lacerated,N,Unprovoked
2000,2000-10-06,10.0,Florida,FL,"New Smyrna Beach, Volusia County",Surfing,True,23.0,M,Fingers lacerated,N,Unprovoked
2000,2000-10-09,10.0,Florida,FL,"Lake Worth Inlet/West Palm Beach, Palm Beach County",Surfing,True,17.0,M,Foot lacerated,N,Unprovoked
2000,2000-10-14,10.0,Florida,FL,"South Beach, Sebastian, Indian River County",Swimming,False,69.0,M,Right hand lacerated,N,Unprovoked
2000,2000-10-18,10.0,Hawaii,HI,Olowalu,Swimming / snorkeling,False,56.0,F,Right side of back / torso lacerated,N,Unprovoked
2000,2000-10-20,10.0,Florida,FL,"Fort Pierce Inlet State Park, St Lucie County",Surfing,True,23.0,M,Leg lacerated,N,Unprovoked
2000,2000-11-04,11.0,California,CA,"1/4 to 1/2 m north of the jetty at Bunkers, Eureka, Humboldt County",Surfing,True,27.0,M,Both thighs bitten,N,Unprovoked
2000,2000-11-10,11.0,Florida,FL,"Vaughn Beach, Flagler County",Walking,False,27.0,F,No injury,N,Invalid
2000,2000-11-17,11.0,Florida,FL,"Bonita Springs, Lee County",Swimming,False,73.0,M,Right calf lacerated,N,Unprovoked
2001,2001-01-09,1.0,California,CA,"Sunset Cliffs, San Diego",Surfing,True,,M,"Foot bruised, board dinged",N,Unprovoked
2001,2001-03-09,3.0,Florida,FL,"Coral Cove Park, Jupiter Island, Martin County",Surfing,True,,M,Fingers & hand lacerated,N,Unprovoked
2001,2001-03-23,3.0,Hawaii,HI,"Sandy Beach, Oahu",Body-boarding,False,,M,"Minor cuts on left hand, body board bitten",N,Unprovoked
2001,2001-04-05,4.0,Florida,FL,"Bethune Beach, south of New Smyrna Beach, Volusia County",Standing alongside surfboard,True,26.0,M,Minor lacerations to dorsum of left foot,N,Unprovoked
2001,2001-04-10,4.0,Florida,FL,"New Smyrna Beach, Volusia County",Surfing,True,16.0,,Foot lacerated,N,Unprovoked
2001,2001-04-11,4.0,Hawaii,HI,"Ewa Beach, O'ahu",Surfing,True,,M,Minor punctures & lacerations on left hand ,N,Unprovoked
2001,2001-04-11,4.0,Florida,FL,"New Smyrna Beach / Waveland, Volusia County",Surfing,True,22.0,M,Lacerations to top & bottom of left foot,N,Unprovoked
2001,2001-04-11,4.0,Florida,FL,"New Smyrna Beach, Volusia County",Surfing,True,19.0,M,Minor cuts on right heel & foot,N,Unprovoked
2001,2001-04-12,4.0,Florida,FL,"New Smyrna Beach, Volusia County",Surfing,True,38.0,M,Foot & ankle lacerated,N,Unprovoked
2001,2001-04-12,4.0,Florida,FL,"Waveland Beach, Hutchinson Island, St Lucie County",,False,30.0,M,Right ankle & lower leg lacerated,N,Unprovoked
2001,2001-04-12,4.0,Florida,FL,"New Smyrna Beach, Volusia County",Body boarding,True,12.0,M,Foot & ankle lacerated,N,Unprovoked
2001,2001-04-12,4.0,Florida,FL,"New Smyrna Beach, Volusia County",Surfing,True,21.0,M,Small cuts on big & pinky toes of left foot,N,Unprovoked
2001,2001-04-12,4.0,Florida,FL,"New Smyrna Beach / Waveland, Volusia County",Surfing,True,22.0,M,Foot lacerated,N,Unprovoked
2001,2001-04-13,4.0,Florida,FL,"New Smyrna Beach, Volusia County",Surfing,True,12.0,M,Right foot & ankle lacerated,N,Unprovoked
2001,2001-04-13,4.0,Florida,FL,"New Smyrna Beach, Volusia County",Surfing,True,16.0,M,Foot & ankle lacerated,N,Unprovoked
2001,2001-04-28,4.0,Florida,FL,"New Smyrna Beach, Volusia County",Boogie boarding,True,14.0,M,4 small lacerations on lower right leg,N,Unprovoked
2001,2001-05-03,5.0,Florida,FL,"Jacksonville, Duval County",Surfing,True,45.0,M,Foot lacerated ,N,Unprovoked
2001,2001-05-20,5.0,South Carolina,SC,"Fripp Island, Beaufort County",Swimming,False,,M,5.5-inch laceration on calf,N,Unprovoked
2001,2001-05-23,5.0,South Carolina,SC,"Coligny Beach, Hilton Head, Beaufort County",Swimming,False,11.0,M,Shin lacerated,N,Unprovoked
2001,2001-05-29,5.0,Texas,TX,Galveston Island,,False,16.0,M,Survived,N,Unprovoked
2001,2001-06-03,6.0,South Carolina,SC,"Off 21st Avenue, Isle of Palms, Charleston County",Wading,False,29.0,F,3 puncture wounds on each side of her left  hand,N,Unprovoked
2001,2001-06-10,6.0,California,CA,Catalina Island,Spearfishing,False,52.0,M,"No injury. Shark made threat display, then diver shot the shark PROVOKED INCIDENT",N,Provoked
2001,2001-06-12,6.0,Texas,TX,Padre Island National Seashore,Swimming,False,14.0,M,Leg lacerated,N,Unprovoked
2001,2001-07-03,7.0,South Carolina,SC,"Isle of Palms, Charleston County ",,False,,,Hand bitten,N,Unprovoked
2001,2001-07-06,7.0,Florida,FL,Gulf Islands National Seashore,Swimming,False,8.0,M,"Arm severed, surgically reattached",N,Unprovoked
2001,2001-07-15,7.0,Florida,FL,"Amelia Island, Nassau County",Boogie boarding,True,18.0,M,Foot lacerated,N,Unprovoked
2001,2001-07-15,7.0,Florida,FL,"Santa Rosa Island, Escambia County",Surfing,True,48.0,M,Left foot & heel lacerated,N,Unprovoked
2001,2001-07-21,7.0,Massachusetts,MA,Chatham Island,Fishing,False,,,No Injury to occupants; shark bumped the boat ,N,Boat
2001,2001-07-24,7.0,Florida,FL,"Marathon , Monroe County",,False,,F,2 bites behind knee,N,Unprovoked
2001,2001-07-25,7.0,Florida,FL,"Taverniier, Monroe County",,False,,M,Minor injury,N,Unprovoked
2001,2001-07-26,7.0,South Carolina,SC,"Myrtle Beach, Horry County",,False,,F,Survived,N,Unprovoked
2001,2001-08-05,8.0,South Carolina,SC,"Near 70th Avenue, Myrtle Beach, Horry County",,False,,F,Toe bitten,N,Unprovoked
2001,2001-08-18,8.0,Florida,FL,"New Smyrna Beach, Volusia County",Surfing,True,19.0,M,Left ankle bitten,N,Unprovoked
2001,2001-08-18,8.0,Florida,FL,"New Smyrna Beach, Volusia County",Surfing,True,19.0,M,Back of left hand gashed,N,Unprovoked
2001,2001-08-18,8.0,Florida,FL,"New Smyrna Beach, Volusia County",Surfing,True,20.0,M,Cuts on right foot,N,Unprovoked
2001,2001-08-19,8.0,Florida,FL,"Wilbur-by-the-Sea, Volusia County",Surfing,True,17.0,F,Left foot lacerated,N,Unprovoked
2001,2001-08-19,8.0,Florida,FL,"New Smyrna Beach, Volusia County",Surfing,True,17.0,F,Lacerations to lower leg,N,Unprovoked
2001,2001-08-19,8.0,Florida,FL,"New Smyrna Beach, Volusia County",Surfing,True,32.0,M,Cuts on right foot,N,Unprovoked
2001,2001-08-21,8.0,Florida,FL,"New Smyrna Beach, Volusia County",Surfing,True,27.0,M,Thigh lacerated,N,Unprovoked
2001,2001-08-22,8.0,Florida,FL,"Daytona, Volusia County ",Surfing,True,17.0,M,Foot lacerated,N,Unprovoked
2001,2001-08-25,8.0,Florida,FL,"New Smyrna Beach, Volusia County",Boogie Boarding,True,18.0,M,Upper left thigh & right foot bitten,N,Unprovoked
2001,2001-08-26,8.0,Florida,FL,"New Smyrna Beach, Volusia County",Boogie Boarding,True,18.0,M,Thigh & foot bitten,N,Unprovoked
2001,2001-08-27,8.0,Florida,FL,"New Smyrna Beach, Volusia County",Wading,False,69.0,M,Heel lacerated,N,Unprovoked
2001,2001-08-29,8.0,Florida,FL,"Coquina Beach, Anna Maria Island, Manatee County",Standing,False,29.0,F,Punctures & lacerations on elbow & forearm,N,Unprovoked
2001,2001-09-01,9.0,Virginia,VA,"Sandbridge Beach, Princess Anne County",Swimming,False,10.0,M,"FATAL, thigh bitten ",Y,Unprovoked
2001,2001-09-02,9.0,Florida,FL,"Mayport Naval Station, Jacksonville, Duval Country",Wading,False,20.0,M,Right calf lacerated,N,Unprovoked
2001,2001-09-03,9.0,North Carolina,NC,"Avon, Hatteras Island, Outer Banks, Dare County",Swimming,False,28.0,M,FATAL,Y,Unprovoked
2001,2001-09-03,9.0,North Carolina,NC,"Avon, Hatteras Island, Outer Banks, Dare County",Swimming,False,23.0,F,Left buttock & foot  severed,N,Unprovoked
2001,2001-09-07,9.0,South Carolina,SC,"Waites Island, Horry County",Swimming,False,,F,Left hand injured,N,Invalid
2001,2001-09-07,9.0,Florida,FL,"Key Biscayne, Dade County",Walking in shallows,False,13.0,M,Minor injury to left leg,N,Unprovoked
2001,2001-09-08,9.0,Florida,FL,"Everglades National Park, Monroe County",Fishing,False,44.0,M,Fingers & leg lacerated  by hooked shark PROVOKED INCIDENT,N,Provoked
2001,2001-09-15,9.0,North Carolina,NC,"North Topsail Beach, Onslow County",Surfing,True,16.0,M,Foot bitten,N,Unprovoked
2001,2001-09-15,9.0,Florida,FL,A quarter mile north of Fort Pierce Inlet,Boogie boarding,True,6.0,M,"2 lacerations on lower back, punctures on buttock",N,Unprovoked
2001,2001-09-16,9.0,Florida,FL,"2 miles off Pompano Beach, Broward County",Wreck / Technical diving,False,42.0,M,FATAL or drowning & scavenging,Y,Invalid
2001,2001-09-18,9.0,Florida,FL,"New Smyrna Beach, Volusia County",Surfing,True,14.0,M,"1"" to 2"" cuts on right ankle & foot",N,Unprovoked
2001,2001-09-24,9.0,Florida,FL,"Ponce Inlet, Volusia County","Surfing, fell off surfboard & stepped on the shark.",True,21.0,M,PROVOKED INCIDENT Several small lacerations on left foot ,N,Provoked
2001,2001-11-14,11.0,Hawaii,HI,"Kapalua, Maui",Surfing,True,,,"No injury, portion of board's lower surface removed",N,Unprovoked
2002,2002-01-01,1.0,Hawaii,HI,"Olowalu, Maui",Snorkeling,False,35.0,M,Lacerations to buttocks & thigh,N,Unprovoked
2002,2002-03-15,3.0,Florida,FL,"Deerfield Beach (near Boca Raton), Broward County",Snorkeling,False,39.0,M,Arm bitten,N,Unprovoked
2002,2002-03-15,3.0,Florida,FL,"New Smyrna Beach, Volusia County",Surfing,True,31.0,M,Several  puncture wounds on lower right leg,N,Unprovoked
2002,2002-03-19,3.0,Florida,FL,"Daytona Beach Shores, Volusia County",Swimming /  boogie boarding,True,20.0,M,Punctures on left foot and foot ,N,Unprovoked
2002,2002-03-25,3.0,Florida,FL,"Cocoa Beach, Brevard County",Wading,False,11.0,F,Foot bitten,N,Unprovoked
2002,2002-03-25,3.0,Hawaii,HI,"Brenecke Beach, Po'ipu, Kaua'i",Body-boarding,False,17.0,M,Left leg severed below knee,N,Unprovoked
2002,2002-04-01,4.0,Florida,FL,"Lauderdale-By-The-Sea, Broward County",Swimming / Wading,False,29.0,M,Upper left arm bitten,N,Unprovoked
2002,2002-04-02,4.0,Florida,FL,"New Smyrna Beach, Volusia County",Wading,False,41.0,M,Two half-inch lacerations on right heel and one near small toe,N,Unprovoked
2002,2002-04-18,4.0,Florida,FL,"New Smyrna Beach, Volusia County",Surfing,True,28.0,M,Left foot bitten,N,Unprovoked
2002,2002-04-20,4.0,Florida,FL,"St. Augustine Beach, St. Johns County","Surfing, but standing in water alongside board",True,34.0,M,Left foot bitten,N,Unprovoked
2002,2002-05-13,5.0,Florida,FL,"Ten Thousand Islands National Wildlife Refuge, Collier County",Fishing,False,31.0,M,Laceration to arm.,N,Unprovoked
2002,2002-05-22,5.0,Florida,FL,"Atlantic Avenue, Palm Beach County",Playing in the surf with his 2 dogs,True,35.0,M,"2-inch wound on dorsum of right foot, 1-inch wound on sole",N,Unprovoked
2002,2002-05-22,5.0,Florida,FL,"a pier at the end of Caxambas Drive, Marco Island ","Fishing, removing the shark from his line",False,55.0,M,Leg bitten by hooked shark PROVOKED INCIDENT,N,Provoked
2002,2002-05-31,5.0,California,CA,"Stinson Beach, Marin County",Surfing,True,24.0,M,Lacerated leg & back,N,Unprovoked
2002,2002-05-31,5.0,Florida,FL,"St. George Island (near Apachicola), Franklin County",Floating on a raft,False,16.0,M,Lacerated foot,N,Unprovoked
2002,2002-06-09,6.0,Florida,FL,"Jensen Beach, Martin County ",Swimming,False,10.0,M,Right calf lacerated,N,Unprovoked
2002,2002-06-09,6.0,Florida,FL,"South of Ponce Inlet, New Smyrna Beach, Volusia County",Surfing,True,50.0,M,6-inch gash on right foot,N,Unprovoked
2002,2002-06-10,6.0,Florida,FL,"St Augustine Beach, St Johns County",Surfing,True,28.0,M,Right hand lacerated,N,Unprovoked
2002,2002-06-11,6.0,Hawaii,HI,"Anini Beach, Kaua'i",Sitting on surfboard,True,,,"No injury, shark bit side of surfboard",N,Unprovoked
2002,2002-06-20,6.0,Florida,FL,"New Smyrna Beach, Volusia County",Swimming,False,11.0,F,Small lacerations on right lower leg,N,Unprovoked
2002,2002-07-04,7.0,North Carolina,NC,"Wrightsville Beach, New Hanover County",Standing,False,9.0,F,"Calf, foot & hand bitten",N,Unprovoked
2002,2002-07-09,7.0,Maryland,MD,"100 miles off Ocean City, Maryland, in 7000' of water",Shark Fishing,False,41.0,M,Drowned when caught in line and pulled overboard by hooked shark PROVOKED INCIDENT,Y,Provoked
2002,2002-07-10,7.0,Florida,FL,"Ponce Inlet, New Smyrna Beach, Volusia County",Surfing,True,19.0,M,2 small lacerations on left lower leg when he jumped off board and landed on the shark PROVOKED INCIDENT,N,Provoked
2002,2002-07-20,7.0,North Carolina,NC,"Emerald Isle, Carteret County",Swimming,False,15.0,F,Calf bitten,N,Unprovoked
2002,2002-07-26,7.0,South Carolina,SC,"Myrtle Beach, Horry County",Surfing,True,13.0,M,Heel bitten,N,Unprovoked
2002,2002-08-05,8.0,North Carolina,NC,"Topsail Beach, Pender County",Standing,False,14.0,M,Leg lacerated,N,Unprovoked
2002,2002-08-07,8.0,Florida,FL,"Ponce De Leon Inlet, Volusia County",Standing,False,15.0,M,Ankle & leg lacerated,N,Unprovoked
2002,2002-08-11,8.0,Florida,FL,"Vero Beach, Indian River County",Surfing,True,15.0,M,Lacerations on heel & dorsum of right foot,N,Unprovoked
2002,2002-08-14,8.0,Florida,FL,"New Smyrna Beach, Volusia County",Surfing,True,27.0,M,Big toe bitten,N,Unprovoked
2002,2002-08-17,8.0,Alabama,AL,"Gulf of Mexico, 65 miles offshore from Mobile",Swimming,False,29.0,F,Both arms & leg bitten,N,Unprovoked
2002,2002-08-28,8.0,Hawaii,HI,"Kewalo Basin Channel, O'ahu",Surfing,True,16.0,M,Left foot lacerated ,N,Unprovoked
2002,2002-09-05,9.0,Florida,FL,"Daytona Beach Shores, Volusia County","Wading, when he stepped on the shark",False,36.0,M,2 small puncture wounds on left foot PROVOKED INCIDENT,N,Provoked
2002,2002-09-09,9.0,Florida,FL,"Ponce Inlet, New Smyrna Beach, Volusia County",Boogie boarding,True,20.0,M,Bitten above & below right knee,N,Unprovoked
2002,2002-09-16,9.0,Hawaii,HI,"Hideaways Beach, Princeville, Kaua'i",Body boarding,True,,,"No injury, shark fin seen just before board ripped away & dragged out to sea",N,Unprovoked
2002,2002-09-21,9.0,California,CA,"Moonstone Beach, Humboldt County",Surfing,True,35.0,M,No injury,N,Unprovoked
2002,2002-09-21,9.0,Oregon,OR,Cape Kiwanda,Boogie boarding or Surfing,True,24.0,M, Ankle lacerated,N,Unprovoked
2002,2002-09-27,9.0,Florida,FL,"Key Largo, Monroe County",Fishing,False,,M,Left thumb lacerated PROVOKED INCIDENT,N,Provoked
2002,2002-09-27,9.0,Hawaii,HI,"Kahala, O'ahu",Fishing from Surfboard,True,55.0,M,"No injury, surfboard bitten ",N,Unprovoked
2002,2002-09-29,9.0,Florida,FL,"Sebastian Inlet, Brevard County",Surfing,True,32.0,M,Left hand bitten,N,Unprovoked
2002,2002-09-30,9.0,Florida,FL,"Ormond Beach, Volusia County",Surfing,True,47.0,M,Right hand severely lacerated,N,Unprovoked
2002,2002-10-03,10.0,Florida,FL,"New Smyrna Beach, Volusia County",Surfing,True,18.0,M,Left hand lacerated and abraded,N,Unprovoked
2002,2002-10-05,10.0,Florida,FL,"New Smyrna Beach, Volusia County",Surfing,True,14.0,M,Abrasions on right hand & deep laceration on middle finger,N,Unprovoked
2002,2002-10-05,10.0,Florida,FL,"New Smyrna Beach, Volusia County",Surfing,True,35.0,M,Heel & back of right knee lacerated,N,Unprovoked
2002,2002-10-11,10.0,Florida,FL,"Opposite main gate at Patrick Air Force Base, Cape Canaveral, Brevard County",Surfing,True,21.0,M,Left foot bitten,N,Unprovoked
2002,2002-10-30,10.0,Hawaii,HI,"Kama'ole Beach Park I, Kihei, Maui",Swimming,False,60.0,F,Left foot bitten ,N,Unprovoked
2002,2002-11-02,11.0,Florida,FL,"New Smyrna Beach, Volusia County",Boogie boarding,True,16.0,M,Puncture wounds on right foot,N,Unprovoked
2002,2002-11-11,11.0,Florida,FL,"Ponce Inlet, New Smyrna Beach, Volusia County",Surfing,True,21.0,M,1.5-inch laceration,N,Unprovoked
2002,2002-11-17,11.0,Hawaii,HI,Ka'anapali,Swimming,False,34.0,F,Right shoulder forarm & wrist bitten,N,Unprovoked
2002,2002-11-28,11.0,California,CA,"Salmon Creek, Sonoma County",Body boarding,True,48.0,M,Both legs severely lacerated,N,Unprovoked
2003,2003-02-15,2.0,Florida,FL,"Jupiter, Palm Beach County",Swimming,False,54.0,M,Left hand bitten,N,Unprovoked
2003,2003-03-10,3.0,Florida,FL,"Petting Tank, Florida Aquarium, Tampa, Hillsborough County",Petting captive sharks,False,,F,Hand nipped PROVOKED INCIDENT,N,Provoked
2003,2003-04-04,4.0,Florida,FL,"New Smyrna Beach, Volusia County",Surfing,True,50.0,M,Left hand and wrist bitten,N,Unprovoked
2003,2003-04-09,4.0,Florida,FL,"Melbourne Beach, Brevard County",Surfing,True,,M,Arm lacerated,N,Unprovoked
2003,2003-04-15,4.0,Florida,FL,"Cocoa Beach, Brevard County",Swimming (using a float),False,20.0,M,Left calf lacerated,N,Unprovoked
2003,2003-04-18,4.0,Florida,FL,"North Beach, Patrick AFB, Brevard County",Surfing,True,12.0,M,2 lacerations on left thigh,N,Unprovoked
2003,2003-04-19,4.0,Florida,FL,"New Smyrna Beach, Volusia County  ",Jumping,False,11.0,M,Left foot bitten,N,Unprovoked
2003,2003-04-20,4.0,Florida,FL,"Playalinda Beach, Brevard County",Surfing,True,30.0,M,Left foot bitten,N,Unprovoked
2003,2003-04-20,4.0,Florida,FL,"Sunglow Pier, Daytona Beach Shores, Volusia County",Surfing,True,23.0,M,Small lacerations to foot,N,Unprovoked
2003,2003-04-20,4.0,Florida,FL,"New Smyrna Beach, Volusia County",Surfing,True,18.0,M,Left ankle bitten or right foot,N,Unprovoked
2003,2003-04-21,4.0,Florida,FL,"Shepard Park, Cocoa Beach, Brevard County ",Surfing,True,17.0,M,Survived,N,Unprovoked
2003,2003-04-21,4.0,Florida,FL,"Melbourne Beach, Brevard County ",Surfing,True,36.0,M,Right leg bitten,N,Unprovoked
2003,2003-05-03,5.0,Florida,FL,"Daytona Beach Shores, Volusia County",Walking,False,9.0,F,Laceration to right lower leg,N,Unprovoked
2003,2003-05-07,5.0,Florida,FL,"New Smyrna Beach, Volusia County",Surfing,True,34.0,M,Multiple bites to foot after jumping off surfboard onto shark PROVOKED INCIDENT,N,Provoked
2003,2003-05-10,5.0,Hawaii,HI,Between Magic Sands Beach and Kahaluu Beach on the Kona coast,Swimming,False,20.0,M,Right calf & heel bitten,N,Unprovoked
2003,2003-05-14,5.0,Florida,FL,"Ponce de Leon Inlet, Volusia County ",Wading,False,22.0,M,Left foot bitten,N,Unprovoked
2003,2003-05-25,5.0,Florida,FL,"Coral Cove Park, Jupiter Inlet, Palm Beach County",Surfing,True,18.0,M,Left foot lacerated,N,Unprovoked
2003,2003-06-08,6.0,Florida,FL,"Ponce Inlet, Volusia County",Surfing,True,15.0,,6 puncture wounds to left ankle,N,Unprovoked
2003,2003-06-19,6.0,North Carolina,NC,"Masonboro Island, New Hanover County",Surfing,True,33.0,M,Hand bitten ,N,Unprovoked
2003,2003-06-22,6.0,Johnston Atoll,,,Swimming,False,51.0,M,Left leg bitten,N,Unprovoked
2003,2003-06-24,6.0,Florida,FL,"Cocoa Beach, Brevard County",Standing,False,12.0,F,2 lacerations to the thigh,N,Unprovoked
2003,2003-06-24,6.0,Hawaii,HI,"Makua Beach, Oahu",Swimming with pod of dolphins,False,60.0,M,Right foot bitten,N,Unprovoked
2003,2003-06-26,6.0,Florida,FL,St Augustine Beach. St. Johns County,Surfing,True,15.0,M,Ankle lacerated,N,Unprovoked
2003,2003-06-30,6.0,Florida,FL,"New Smyrna Beach, Volusia County",Surfing,True,17.0,M,Right foot & toes lacerated,N,Unprovoked
2003,2003-07-05,7.0,Florida,FL,"Canova Beach, Brevard County",Surfing,True,21.0,M,Left foot bitten,N,Unprovoked
2003,2003-07-05,7.0,Florida,FL,"Near New Smyrna Jetty, Volusia County","Walking, carrying surfboard & stepped on shark",True,10.0,M,3 puncture wounds on right lateral ankle PROVOKED INCIDENT,N,Provoked
2003,2003-07-15,7.0,Florida,FL,"Daytona Beach, Volusia County",Wading,False,15.0,F,Heel & sole of left foot,N,Unprovoked
2003,2003-07-20,7.0,Florida,FL,"Ponce Inlet, New Smyrna Beach, Volusia County",Surfing,True,18.0,M,Laceration to little finger of  right hand,N,Unprovoked
2003,2003-08-12,8.0,California,CA,"Venice Beach, Los Angeles County",Swimming,False,31.0,M,Left ankle lacerated,N,Invalid
2003,2003-08-19,8.0,California,CA,"Avila Beach, San Luis Obispo County","Swimming, wearing black wetsuit & swim fins",False,50.0,F,"FATAL          Hip & upper thigh bitten, femoral artery severed ",Y,Unprovoked
2003,2003-08-29,8.0,Texas,TX,1.5 miles off Surfside ,Fishing,False,,M,PROVOKED INCIDENT Hooked shark pulled onboard bit his arm  ,N,Provoked
2003,2003-09-13,9.0,South Carolina,SC,"Isle of Palms, Charleston County","Standing, stepped on shark",False,15.0,M,Ankle lacerated,N,Unprovoked
2003,2003-09-13,9.0,Florida,FL,"Daytona Beach, Volusia County ",Body boarding,True,18.0,M,Left calf avulsion,N,Unprovoked
2003,2003-09-14,9.0,Florida,FL,"Bathtub Reef Beach, Martin County",Swimming,False,8.0,F,Puncture wounds on inner thigh,N,Invalid
2003,2003-09-14,9.0,Florida,FL,"New Smyrna Beach, Volusia County",Surfing,True,30.0,M,Left foot: lacerations on heel and sole,N,Unprovoked
2003,2003-09-17,9.0,Florida,FL,"New Smyrna Beach, Volusia County",Surfing,True,17.0,M,3 puncture wounds on left foot,N,Unprovoked
2003,2003-09-19,9.0,Florida,FL,"Ponce Inlet, New Smyrna Beach, Volusia County",Surfing,True,19.0,M,Left heel lacerated,N,Unprovoked
2003,2003-09-21,9.0,Florida,FL,"Ponce Inlet, New Smyrna Beach, Volusia County",Surfing,True,21.0,M,Left foot bitten,N,Unprovoked
2003,2003-09-28,9.0,Florida,FL,"North Hutchinson Island, St. Lucie Couny",Surfing,True,16.0,M,Arm lacerated,N,Unprovoked
2003,2003-10-05,10.0,Hawaii,HI,"Cove Beach / Kalama Beach, Kihei, Maui",Wading near a fishing net,False,41.0,F,"Left thigh abraded, right knee and right index finger injured",N,Unprovoked
2003,2003-10-05,10.0,Florida,FL,"Crawford Road beach approach at New Smyrna Beach, Volusia County",Sitting on surfboard,True,50.0,M,Left foot bitten,N,Unprovoked
2003,2003-10-05,10.0,Florida,FL,"South Jetty, New Smyrna Beach, Volusia County",Surfing,True,30.0,M,Left ankle bitten when he stepped on the shark PROVOKED INCIDENT,N,Provoked
2003,2003-10-05,10.0,Florida,FL,"Stuart Park Beach, Martin County",Surfing,True,18.0,M,5 to 6 lacerations on right foot & ankle,N,Unprovoked
2003,2003-10-05,10.0,Florida,FL,"Ocean Reef Park, Singer Island, Palm Beach County",Surfing,True,,F,Minor puncture wounds in hand,N,Unprovoked
2003,2003-10-06,10.0,Florida,FL,Palm Beach?,Swimming to shore from boat or kayak,False,,M,"Fatal, drowning or scavenging.  Two hours later his body, with bite marks,  washed ashore.",Y,Invalid
2003,2003-10-14,10.0,Florida,FL,Near Patrick Air Force Base Brevard County,Surfing,True,19.0,M,Foot bitten,N,Unprovoked
2003,2003-10-24,10.0,Hawaii,HI,Honolua Bay,Snorkeling,False,56.0,M,Left forearm lacerated,N,Invalid
2003,2003-10-27,10.0,Florida,FL,"New Smyrna Beach, Volusia County",Surfing,True,46.0,M,Laceration on right ankle & heel,N,Unprovoked
2003,2003-10-31,10.0,Florida,FL,"Ponte Vedra Beach, St. Johns County",Surfing,True,18.0,M,Left foot (sole) bitten,N,Unprovoked
2003,2003-10-31,10.0,Hawaii,HI,"Tunnels surf break off Makua Beach, Kaua'i",Surfing,True,13.0,F,Left arm severed below shoulder,N,Unprovoked
2003,2003-11-12,11.0,Florida,FL,"South Jetty, New Smyrna Beach, Volusia County",Surfing,True,24.0,M,Lacerations to hand,N,Unprovoked
2003,2003-11-22,11.0,Florida,FL,"Daytona Beach, Volusia County",Surfing,True,35.0,F,Severe abrasion to left lateral calf,N,Unprovoked
2003,2003-12-13,12.0,Florida,FL,"Melbourne Beach, Brevard County",Swimming,False,13.0,M,Foot bitten,N,Unprovoked
2003,2003-12-26,12.0,Florida,FL,"Miami, Dade County",Swimming,False,28.0,M,Knee lacerated,N,Invalid
2004,2004-03-14,3.0,Hawaii,HI,Punaluu,Snorkeling,False,,F,Lacerations to left foot,N,Unprovoked
2004,2004-03-16,3.0,Hawaii,HI,"Kalihiwai Beach, Kauai",Surfing,True,51.0,M,"No injury, board bitten",N,Unprovoked
2004,2004-03-27,3.0,Florida,FL,"Sanibel Island, Lee County",Swimming,False,61.0,M,Minor lacerations & abrasions on forearm,N,Unprovoked
2004,2004-03-28,3.0,Florida,FL,"Pelican Beach Park, Satellite Beach, Brevard County",Surfing,True,,M,Heel bitten,N,Unprovoked
2004,2004-03-31,3.0,Florida,FL,"Ocean Reef Park, Singer Island, Palm Beach County",,False,26.0,M,Right foot bitten,N,Unprovoked
2004,2004-03-31,3.0,Florida,FL,"Stuart Rocks, Martin County",Surfing,True,20.0,M,15 puncture wounds on foot,N,Unprovoked
2004,2004-04-04,4.0,Hawaii,HI,Velzyland,Surfing,True,22.0,F,"Disappeared, surfboard washed ashore, marks on leash suggested shark involvement ",Y,Invalid
2004,2004-04-07,4.0,Hawaii,HI,"Kahana Beach, Maui",Surfing,True,57.0,M,FATAL Severe wound to right thigh & calf,Y,Unprovoked
2004,2004-05-04,5.0,Texas,TX,Channel between South Padre Island & Padre Island National Seashore,Tandem surfing,True,28.0,M,"No injury, board bitten",N,Unprovoked
2004,2004-05-22,5.0,Florida,FL,"Jacksonville Beach, Duval County",,False,9.0,F,Foot bitten,N,Unprovoked
2004,2004-05-22,5.0,Florida,FL,St. Augustine  St. Johns County,Swimming,False,9.0,M,Single puncture wound on the foot,N,Invalid
2004,2004-05-23,5.0,Florida,FL,"St. Augustine, St. John's County",Boogie-boarding / swimming,False,9.0,M,Calf & foot lacerated,N,Unprovoked
2004,2004-05-28,5.0,California,CA,"Salmon Creek, Sonoma County",Surfing,True,44.0,M,No injury,N,Unprovoked
2004,2004-05-29,5.0,Texas,TX,"Pirate's Beach, Galveston Island",Wading,False,16.0,M,Puncture wounds on shin,N,Unprovoked
2004,2004-06-10,6.0,Florida,FL,"Daytona Beach Shores, Volusia County",Swimming,False,8.0,M,Right wrist  & left arm lacerated,N,Unprovoked
2004,2004-06-14,6.0,Florida,FL,"Disney / Vero Beach, Indian River County",In water with diving seabirds,False,,F,Foot bitten,N,Unprovoked
2004,2004-06-26,6.0,California,CA,"San Onofre State Beach, San Diego County",Surfing,True,45.0,M,"No injury, shark struck his board",N,Unprovoked
2004,2004-07-02,7.0,Alabama,AL,"Gulf Shores Beach, Baldwin County",Wading,False,7.0,M,Right foot lacerated,N,Unprovoked
2004,2004-07-25,7.0,Texas,TX,"Bryan Beach, Brazoria County",Wading / fishing & carrying a bag of fish,False,11.0,M,Right forearm nearly severed and bites above & below the right knee,N,Unprovoked
2004,2004-07-27,7.0,Texas,TX,Galveston Island,Swimming,False,19.0,F,Right foot bitten,N,Unprovoked
2004,2004-07-27,7.0,North Carolina,NC,"Carolina Beach, New Hanover County",Swimming,False,13.0,F,Right forearm & wrist lacerated,N,Unprovoked
2004,2004-07-28,7.0,North Carolina,NC,"Rodanthe, Dare County",Surfing,True,28.0,F,Right calf bitten,N,Unprovoked
2004,2004-07-31,7.0,Florida,FL,"Cocoa  Beach, Brevard County",Surfing,True,20.0,F,Right foot bitten,N,Unprovoked
2004,2004-08-06,8.0,Florida,FL,"Big Bayou, St. Petersburg, Pinellas County ",Swimming,False,47.0,M,"Back, buttocks, left hand & left side of face bitten",N,Unprovoked
2004,2004-08-15,8.0,California,CA,"Kibesillah, Mendocino County",Diving,False,50.0,M,FATAL,Y,Unprovoked
2004,2004-08-20,8.0,California,CA,"204s, San Clemente, Orange County",Surfing,True,,M,Foot bitten,N,Unprovoked
2004,2004-08-29,8.0,Florida,FL,"New Smyrna Beach / Cape Canaveral  National Seashore, Brevard County",Walking,False,38.0,F,Heel bitten,N,Unprovoked
2004,2004-09-04,9.0,South Carolina,SC,"North of Apache Pier, Myrtle Beach, Horry County",Jumping,False,17.0,F,Left knee & leg bitten,N,Unprovoked
2004,2004-09-10,9.0,Texas,TX,South Padre Island,Surf fishing,False,,M,Minor scratch on calf,N,Invalid
2004,2004-09-20,9.0,Oregon,OR,Gold  Beach,Surfing,True,26.0,M,Leg bitten,N,Unprovoked
2004,2004-10-01,10.0,California,CA,"Lifeguard Tower 16, Huntington Beach, Orange County",Surfing,True,40.0,M,"No injury, shark struck board & spun it around",N,Unprovoked
2004,2004-10-02,10.0,California,CA,"Pismo Beach, San Luis Obispo County",Surfing,True,16.0,M,"No injury, knocked off surfboard",N,Unprovoked
2004,2004-10-09,10.0,Hawaii,HI,Moloka'i,Spearfishing,False,34.0,M,Left shoulder bitten,N,Unprovoked
2004,2004-10-10,10.0,California,CA,"Limantour Beach, Point Reyes National Seashore",Surfing,True,,M,Lower leg bitten,N,Unprovoked
2004,2004-11-11,11.0,California,CA,"Bunkers, Humboldt Bay, Eureka, Humboldt County",Surfing,True,38.0,LLI,"Lacerations to hand, knee & thigh ",N,Unprovoked
2005,2005-02-13,2.0,Florida,FL,Fort Lauderdale,Spearfishing,False,,M,Hand bitten,N,Unprovoked
2005,2005-02-16,2.0,Hawaii,HI,"Rocky Point, north shore of O'ahu",Surfing,True,,M,"No injury, knocked off board, shark bit board",N,Unprovoked
2005,2005-02-22,2.0,Florida,FL,"Long Key, Monroe County",Spearfishing,False,,M,Speared shark bit his chest PROVOKED INCIDENT,N,Provoked
2005,2005-03-12,3.0,New Mexico,,"Albuquerue Aquarium, Albuquerue",Diving in aquarium display tank,False,45.0,M,2 punctures on forearm as captive shark collided with diver PROVOKED INCIDENT,N,Provoked
2005,2005-04-06,4.0,Florida,FL,"Jacksonville Beach, Duval County",,False,,F,Left calf injured,N,Unprovoked
2005,2005-04-07,4.0,Texas,TX,"Isla Blanca Park, South Padre Island, Cameron County",Surfing,True,37.0,M,Left foot bitten ,N,Unprovoked
2005,2005-04-09,4.0,Florida,FL,"Central Gulf Coast, St. John County",Surfing,True,52.0,M,Foot injured ,N,Invalid
2005,2005-04-13,4.0,Florida,FL,"Crescent Beach, Sarasota County",Wading,False,70.0,F,Right lower leg bitten,N,Unprovoked
2005,2005-05-02,5.0,Hawaii,HI,"Noreiga's, Maui",Surfing,True,47.0,M,"No injury, board damaged",N,Unprovoked
2005,2005-05-02,5.0,South Carolina,SC,Off Sullivans Island,Sea Disaster,False,,M,No injury,N,Sea Disaster
2005,2005-05-14,5.0,Hawaii,HI,"North Kihei, Maui",Kayaking,False,,,"No injury, shark bit kayak",N,Unprovoked
2005,2005-05-27,5.0,Florida,FL,"Sand Key Beach, Clearwater, Pinellas County",Crouching in 2' of water,False,,F,Right arm & torso bitten,N,Unprovoked
2005,2005-05-28,5.0,Florida,FL,Daytona Beach Shores,Swimming,False,33.0,M,Left foot bitten,N,Unprovoked
2005,2005-06-02,6.0,Texas,TX,"Mustang Island, Corpus Christi",Wading,False,6.0,M,Two 2-inch lacerations on right foot,N,Unprovoked
2005,2005-06-05,6.0,New Jersey,NJ,"Surf City, Long Beach Island, Ocean County",Surfing,True,17.0,M,Dorsum of foot/ankle  injured by surfboard skeg or other inanimate object.,N,Invalid
2005,2005-06-07,6.0,South Carolina,SC,"Kiawah Island, Charleston County",Boogie boarding,True,11.0,F,Foot lacerated,N,Unprovoked
2005,2005-06-16,6.0,Florida,FL,"Howard E. Futch Memorial Park at Paradise Beach, Brevard County",Swimming,False,20.0,M,Foot bitten,N,Unprovoked
2005,2005-06-18,6.0,Hawaii,HI,Maui,Swimming,False,49.0,M,"No injury, 2.1m [7'] tiger shark approached swimmer who repelled it with his fist",N,Invalid
2005,2005-06-25,6.0,Florida,FL,"Destin, Walton County",Swimming with boogie board,True,14.0,F,"FATAL, leg bitten",Y,Unprovoked
2005,2005-06-27,6.0,Florida,FL,"Cape San Blas, Gulf County",Fishing,False,16.0,M,"Leg severely bitten, surgically amputated",N,Unprovoked
2005,2005-07-01,7.0,Florida,FL,"Boca Grande, Lee County",Standing,False,19.0,M,Ankle bitten,N,Unprovoked
2005,2005-07-13,7.0,Texas,TX,"Port Bolivar, Galveston County",Holding onto an inflatable boat,False,14.0,F,Left foot bitten,N,Unprovoked
2005,2005-07-15,7.0,North Carolina,NC,"Holden Beach, Brunswick County",Swimming,False,22.0,M,Lacerations of left forearm,N,Unprovoked
2005,2005-07-22,7.0,Florida,FL,"Quarter mile south of Ponce de Leon Inlet, Volusia County",Surfing,True,25.0,M,"Straight 2.5"" laceration on top of left ankle",N,Invalid
2005,2005-07-23,7.0,Florida,FL,"Ormond Beach, Volusia County",Surfing,True,61.0,M,"Right foot: Toes and back of foot, minor injury",N,Unprovoked
2005,2005-07-27,7.0,Florida,FL,"Off Zelda Boulevard, Daytona Beach, Volusia Countyy",Wading,False,13.0,F,Laceration on the back of left hand & toothmarks on wrist,N,Unprovoked
2005,2005-08-06,8.0,South Carolina,SC,"Isle of Palms, Charleston County",Swimming,False,14.0,M,Puncture wounds on left foot ,N,Unprovoked
2005,2005-08-12,8.0,North Carolina,NC,"Carolina Beach off Texas Avenue, New Hanover County",Surfing,True,16.0,M,Laceration on right wrist & crescent of puncture wounds on  forearm ,N,Unprovoked
2005,2005-08-19,8.0,Texas,TX,Crystal Beach (east of Galveston),Walking,False,12.0,M,Left foot bitten,N,Unprovoked
2005,2005-08-21,8.0,South Carolina,SC,"34th Avenue North, Myrtle Beach, Horry County",Swimming,False,8.0,M,Bitten underneath left arm,N,Unprovoked
2005,2005-08-22,8.0,South Carolina,SC,"6th Avenue North, Myrtle Beach, Horry County","Boogie boarding, kicked at object in the water",True,17.0,M,Laceration to knee,N,Invalid
2005,2005-08-24,8.0,California,CA,"Scripps, LaJolla, San Diego County",Surfing,True,37.0,M,Lower right leg lacerated,N,Unprovoked
2005,2005-09-02,9.0,Florida,FL,"Ponce Inlet, Volusia County",Standing / Surfing,True,62.0,M,Right foot bitten,N,Unprovoked
2005,2005-09-05,9.0,North Carolina,NC,"North Topsail Beach, Onslow County",Wading,False,18.0,F,Calf severely lacerated,N,Unprovoked
2005,2005-09-11,9.0,South Carolina,SC,Folly Beach,Surfing,True,18.0,M,FATAL,Y,Unprovoked
2005,2005-09-20,9.0,South Carolina,SC,"Myrtle Beach, Horry County",Body surfing,True,68.0,F,"Injuries to fingers, calf  & heel",N,Unprovoked
2005,2005-09-22,9.0,Florida,FL,"Tigertail Beach, Collier County",Surfing,True,,M,Lacerations to dorsum of left foot,N,Invalid
2005,2005-10-06,10.0,Florida,FL,"Ponce Inlet, Volusia County",Treading water/ Surfing,True,48.0,M,Five 1-inch lacerations to left foot,N,Unprovoked
2005,2005-10-13,10.0,Hawaii,HI,"Honokowai, Maui",Surfing,True,22.0,M,"No injury, surfboard bitten",N,Unprovoked
2005,2005-10-15,10.0,Florida,FL,"Ponce Inlet, Volusia County",Wading,False,15.0,M,Minor cuts to dorsum & sole of left foot when he stepped on shark PROVOKED INCIDENT,N,Provoked
2005,2005-10-19,10.0,California,CA,"Salmon Beach, Sonoma County",Surfing,True,20.0,F,Leg bitten,N,Unprovoked
2005,2005-10-21,10.0,California,CA,"Klamath River mouth, Del Norte County",Surfing,True,36.0,M,No injury,N,Unprovoked
2005,2005-10-29,10.0,Florida,FL,"Ponce de Leon Inlet, Volusia County ",Wading,False,15.0,M,Puncture wounds to foot,N,Unprovoked
2005,2005-11-02,11.0,California,CA,"Ocean Beach, San Francisco, San Francisco County",Surfing,True,26.0,M,"No injury, board bumped",N,Unprovoked
2005,2005-11-02,11.0,California,CA,"Mavericks, Half Moon Bay, San Mateo County",Surfing,True,25.0,M,"No injury, board bitten",N,Unprovoked
2005,2005-11-12,11.0,Florida,FL,"New Smyrna  Beach, Volusia County",Surfing,True,18.0,M,Puncture wounds to right foot,N,Unprovoked
2005,2005-11-20,11.0,Florida,FL,"New Smyrna  Beach, Volusia County",Surfing,True,17.0,M,Lacerations to right thigh,N,Unprovoked
2005,2005-11-21,11.0,Florida,FL,"Jensen Beach, Martin County ",Surfing,True,30.0,M,Left foot bitten,N,Unprovoked
2005,2005-11-27,11.0,Florida,FL,"Ponce Inlet, New Smyrna Beach, Volusia County",Surfing,True,23.0,M,Right thumb & palm lacerated,N,Unprovoked
2005,2005-12-21,12.0,Hawaii,HI,"Keawakapu Beach, Maui",Swimming,False,29.0,M,Left hand bitten,N,Unprovoked
2005,2005-12-24,12.0,Oregon,OR,"Tillamook Head, Clatsop County",Surfing,True,30.0,M,Lacerations to ankle & calf,N,Unprovoked
2006,2006-01-04,1.0,Florida,FL,"Round Island Park, Indian River County",Surfing,True,21.0,M,3 puncture wounds in right wrist & hand,N,Unprovoked
2006,2006-01-18,1.0,California,CA,"Santa Cruz, Santa Cruz County",Night Surfing,True,,M,"No injury, but 2 small nicks on wetsuit",N,Unprovoked
2006,2006-02-01,2.0,Hawaii,HI,"Off Pu'u Ola'l, Makena, Maui",Kayaking,False,57.0,M,No injury to occupant; shark bumped the kayak repeatedly for 15 minutes,N,Boat
2006,2006-02-23,2.0,Hawaii,HI,"Makena, Maui",Free diving,False,45.0,M,Forensic examination suggested diver drowned & afterwards his body was bitten by a shark/s,Y,Invalid
2006,2006-02-27,2.0,Hawaii,HI,"Makena, Maui",Standing,False,15.0,F,Deep laceration to right calf,N,Unprovoked
2006,2006-03-23,3.0,Hawaii,HI,"Leftovers, near Waimea Bay, O'ahu",Surfing,True,28.0,F,5 puncture wounds in left calf,N,Unprovoked
2006,2006-04-03,4.0,Florida,FL,"Marco Island, Collier County",Wading,False,11.0,M,Minor injury to right hand & thigh,N,Unprovoked
2006,2006-04-13,4.0,Florida,FL,"Port of the Islands, Collier County",Fishing,False,35.0,M,3 to 4 cm laceration on foot from hooked shark brought on board PROVOKED INCIDENT,N,Provoked
2006,2006-04-19,4.0,Florida,FL,"Daytona Beach, Volusia County",Standing,False,13.0,F,3 tiny punctures & small lacerations on right ankle,N,Unprovoked
2006,2006-04-21,4.0,Florida,FL,"Sebastian Inlet, Brevard County",Surfing,True,54.0,M,Feet bitten,N,Unprovoked
2006,2006-05-04,5.0,Florida,FL,"Hutchinson Island, St. Lucie County",Swimming,False,20.0,F,2 lacerations on lower right leg,N,Unprovoked
2006,2006-05-05,5.0,Florida,FL,"Cocoa Beach, Brevard  County",,False,,M,Small lacerations to arm,N,Unprovoked
2006,2006-05-19,5.0,Guam,,Gun Beach,Scuba diving,False,30.0,F,Laceration to leg,N,Unprovoked
2006,2006-05-24,5.0,Hawaii,HI,Lanai,Spearfishing,False,15.0,M,Knee bitten after diver poked shark PROVOKED INCIDENT,N,Provoked
2006,2006-05-27,5.0,Hawaii,HI,"North Shore, O'ahu",Surfing,True,31.0,M,"No injury, shark bumped surfboard",N,Unprovoked
2006,2006-05-28,5.0,Hawaii,HI,French Frigate Shoals,Tagging sharks,False,,,"No injury to occupants, boat damaged by hooked shark PROVOKED INCIDENT",N,Provoked
2006,2006-05-31,5.0,Hawaii,HI,O'ahu,Spearfishing,False,26.0,M,"4"" laceration to left forearm",N,Unprovoked
2006,2006-06-07,6.0,South Carolina,SC,"Coligny Beach, Hilton Head, Beaufort County",Playing,False,7.0,F,Lacerations & puncture wounds to left foot & buttocks,N,Unprovoked
2006,2006-06-15,6.0,Florida,FL,"New Smyrna Beach, Volusia County",Surfing,True,24.0,M,Four 1-inch puncture wounds on left foot ,N,Unprovoked
2006,2006-06-17,6.0,California,CA,"Monterey, Monterey County",Scuba diving,False,43.0,M,"No injury, shark bit scuba tank boot",N,Unprovoked
2006,2006-06-20,6.0,Florida,FL,"New Smyrna Beach, Volusia County",Surfing,True,22.0,F,2-inch puncture wounds on right foot,N,Unprovoked
2006,2006-06-26,6.0,Florida,FL,Fort Myers,Fishing,False,,M,Non-swimmer pulled off pier& into the water by a hooked shark PROVOKED INCIDENT,N,Provoked
2006,2006-06-27,6.0,Florida,FL,"Hutchinson Island, St. Lucie County",Body boarding,True,9.0,F,Right calf bitten,N,Unprovoked
2006,2006-07-08,7.0,Florida,FL,"Playalinda Beach, Canaveral National Seashore, Brevard County",Swimming,False,13.0,M,Right calf bitten,N,Unprovoked
2006,2006-07-08,7.0,South Carolina,SC,"Debordieu Beach, Georgetown County",Body boarding,True,14.0,F,Foot bitten,N,Unprovoked
2006,2006-07-09,7.0,Florida,FL,"New Smyrna Beach, Volusia County",Wading,False,40.0,M,Dorsum of left foot bitten,N,Unprovoked
2006,2006-07-09,7.0,Florida,FL,"Ponte Vedra Beach, St Johns County",Walking,False,11.0,M,Lower leg & ankle bitten,N,Unprovoked
2006,2006-07-12,7.0,South Carolina,SC,"Kiawah Island, Charleston County",Swimming,False,21.0,F,Ankle & foot bitten,N,Unprovoked
2006,2006-07-17,7.0,South Carolina,SC,"Singleton Beach, Hilton Head Island, Beaufort County",Standing,False,49.0,M,Left ankle & foot bitten,N,Unprovoked
2006,2006-07-23,7.0,Texas,TX,"Sargent Beach, Matagorda County",Surf fishing,False,,M,Right foot bitten,N,Unprovoked
2006,2006-07-25,7.0,Florida,FL,"New Smyrna Beach, Volusia County",Surfing,True,14.0,M,Minor lacerations to right foot,N,Unprovoked
2006,2006-07-29,7.0,Florida,FL,"Playalinda Beach, Canaveral National Seashore, Brevard County",Surfing,True,15.0,M,Foot bitten,N,Unprovoked
2006,2006-07-29,7.0,California,CA,"Broad Beach, Malibu, Los Angeles County",Boogie Boarding,True,,M,"Bruises, laceration to head, spinal cord injury & neck broken at C5/C6 ",N,Invalid
2006,2006-07-31,7.0,Oregon,OR,Oswald State Park,Surfing,True,41.0,M,Minor injury,N,Unprovoked
2006,2006-07-31,7.0,Kentucky,,"Newport Aquarium, Newport",Touching sharks,False,,,"Minor injuries, similar to paper cuts from the captive sharks  PROVOKED INCIDENTS",N,Provoked
2006,2006-08-29,8.0,Oregon,OR,"Florence, Lane County",Surfing,True,23.0,M,Laceration & puncture wounds to foot,N,Unprovoked
2006,2006-09-02,9.0,Florida,FL,"New Smyrna Beach, Volusia County",Swimming,False,12.0,M,Arm bitten,N,Unprovoked
2006,2006-09-03,9.0,Florida,FL,"New Smyrna Beach, Volusia County",Standing,False,33.0,M,Puncture wounds and cuts to right thigh,N,Unprovoked
2006,2006-09-11,9.0,Florida,FL,"New Smyrna Beach, Volusia County",Surfing,True,52.0,M,Left torso grazed,N,Unprovoked
2006,2006-09-14,9.0,Florida,FL,"Singer Island, Riviera Beach",Swimming,False,55.0,M,Minor injury to left hand,N,Unprovoked
2006,2006-09-16,9.0,North Carolina,NC,Onslow Beach,Surfing,True,16.0,M,Laceration to left thigh,N,Unprovoked
2006,2006-09-29,9.0,Florida,FL,"New Smyrna Beach, Volusia County",Surfing,True,19.0,M,Big toe bitten,N,Unprovoked
2006,2006-10-05,10.0,Florida,FL,"New Smyrna Beach, Volusia County",Playing soccer in the water,False,18.0,M,Lacerations to foot,N,Unprovoked
2006,2006-10-07,10.0,Texas,TX,"Isla Blanca Park, South Padre Island",Surfing,True,,M,Lacerations to lower left leg,N,Unprovoked
2006,2006-10-10,10.0,Florida,FL,"Daytona Beach, Volusia County",Surfing,True,20.0,M,Left ankle bitten,N,Unprovoked
2006,2006-10-16,10.0,Florida,FL,Sebastian Inlet,Fishing,False,15.0,M,Lower right leg and foot bitten,N,Unprovoked
2006,2006-10-31,10.0,Oregon,OR,"Siletz River mouth, Lincoln County",Surfing,True,22.0,M,"No injury, surfboard bitten",N,Unprovoked
2006,2006-11-11,11.0,Hawaii,HI,"Kihei, Maui",Swimming,False,29.0,M,Laceration to left thigh & left hand,N,Unprovoked
2006,2006-12-10,12.0,California,CA,"Dillon Beach, Marin County",Surfing,True,43.0,M,"Minor injuries, surfboard bitten",N,Unprovoked
2007,2007-01-01,1.0,Hawaii,HI,"Majors Bay, Kaua'i",Surfing,True,24.0,M,"No injury, shark removed piece of surfboard",N,Unprovoked
2007,2007-01-07,1.0,New York,NY,"Smith Point, Long Island",Surfing,True,54.0,M,No injury,N,Invalid
2007,2007-01-25,1.0,Florida,FL,100 miles off Ft. Myers Beach,Shrimping,False,,,"A large shark rammed boat, breaking prop shaft. No injury to occupants but boat sank several hours later",N,Boat
2007,2007-03-11,3.0,Florida,FL,"Tiger Shores Beach, Martin County",Surfing,True,29.0,M,Lacerations to right forearm & hand,N,Unprovoked
2007,2007-03-21,3.0,Florida,FL,Jupiter Inlet,Surfing,True,11.0,M,Punctures & lacerations to right calf & calf,N,Unprovoked
2007,2007-03-31,3.0,Florida,FL,"Waveland Beach, Hutchinson Island, St. Lucie County",,False,9.0,M,Minor cuts to right buttock & thigh,N,Unprovoked
2007,2007-03-31,3.0,Florida,FL,"Normandy Beach, Hutchinson Island,  St. Lucie County",Surfing,True,27.0,M,Lacerations to right ankle ,N,Unprovoked
2007,2007-04-01,4.0,Florida,FL,"New Smyrna Beach, Volusia County",Playing on a sandbar,False,7.0,M,Lacerations & puncture wounds to right calf,N,Unprovoked
2007,2007-04-20,4.0,Florida,FL,"New Smyrna Beach, Volusia County",Surfing,True,24.0,M,Lacerations to left index finger & thumb ,N,Unprovoked
2007,2007-04-22,4.0,Florida,FL,"Hutchinson Island, St. Lucie County",Body boarding,True,12.0,M,Left foot bitten,N,Unprovoked
2007,2007-05-07,5.0,Hawaii,HI,"Keawakapu Beach, Maui",Snorkeling,False,63.0,F,Right foot bitten,N,Unprovoked
2007,2007-05-07,5.0,Florida,FL,Naples,Swimming,False,68.0,M,Circular bite on left thigh,N,Unprovoked
2007,2007-05-10,5.0,Florida,FL,"New Smyrna Beach, Volusia County",Surfing,True,21.0,F,Knee bitten,N,Unprovoked
2007,2007-05-24,5.0,Virginia,VA,"Virginia Aquarium & Marine Science Center, Virginia Beach ",Reviving a sedated shark,False,40.0,F,Left shin bitten by captive shark PROVOKED INCIDENT,N,Provoked
2007,2007-05-26,5.0,South Carolina,SC,Garden City,Wading,False,,F,Lacerations to lower leg,N,Unprovoked
2007,2007-06-12,6.0,Florida,FL,"Turtle Beach, Siesta Key, Sarasota County",Swimming,False,,F,Right foot bitten,N,Unprovoked
2007,2007-06-17,6.0,Florida,FL,"Vilano Beach, St.  Johns County",Surfing,True,9.0,F,Superficial injuries to upper leg may have been caused by surfboard fin,N,Invalid
2007,2007-06-24,6.0,Hawaii,HI,"Silva's Channel, Mokuleia, O'ahu",Surfing,True,,M,"No injury, board damaged",N,Unprovoked
2007,2007-06-25,6.0,Florida,FL,"New Smyrna Beach, Volusia County",Surfing,True,20.0,M,6 to 8 puncture wounds to right hand,N,Unprovoked
2007,2007-06-30,6.0,California,CA,"Will Rogers State Beach, Los Angeles County",Swimming,False,,F,Hand bitten,N,Unprovoked
2007,2007-06-30,6.0,Florida,FL,Marques Island,Removing hook from shark,False,,M,Lacerations to right  hand by hooked shark PROVOKED INCIDENT,N,Provoked
2007,2007-07-05,7.0,Florida,FL,"Ponce Inlet, Volusia County",Surfing,True,18.0,M,Right foot bitten,N,Unprovoked
2007,2007-07-17,7.0,California,CA,"Faria Beach, Ventura County",Swimming,False,43.0,F,Foot injured. Shark involvment uncomfirmed,N,Invalid
2007,2007-07-17,7.0,North Carolina,NC,"Atlantic Beach, Carteret County",Wading,False,30.0,F,Lacerations to right thigh & left foot,N,Unprovoked
2007,2007-07-18,7.0,North Carolina,NC,"North Topsail Beach, Onslow  County",Swimming,False,14.0,M,Right calf bitten,N,Unprovoked
2007,2007-07-19,7.0,Hawaii,HI,"Bellows Beach near Wailea Point, Oahu",Snorkeling,False,36.0,M,Left calf severely bitten,N,Unprovoked
2007,2007-07-21,7.0,California,CA,"Bean Hollow State Beach, San Mateo County",Kayak Fishing,False,,M,"No injury, kayak bitten",N,Boat
2007,2007-07-22,7.0,California,CA,"Malibu, Los Angeles County",Surf paddling,True,,M,"No injury, surfboard bumped by shark for 20 minutes",N,Unprovoked
2007,2007-07-28,7.0,California,CA,"Imperial Beach, San Diego County",Surfing,True,20.0,M,"No injury, shark bit surfboard",N,Unprovoked
2007,2007-07-29,7.0,Florida,FL,"Ponce Inlet, Volusia County",Surfing,True,51.0,M,Minor injury to shoulder,N,Unprovoked
2007,2007-08-07,8.0,Florida,FL,"Islamorada, Monroe County",Jumped into the water,False,19.0,F,Lacerations to arm,N,Unprovoked
2007,2007-08-09,8.0,South Carolina,SC,"Isle of Palms, Charleston County",Boogie Boarding,True,9.0,M,Lacerations to lower leg & ankle,N,Unprovoked
2007,2007-08-09,8.0,South Carolina,SC,"Isle of Palms, Charleston County",Swimming,False,30.0,M,Lacerations to right foot,N,Unprovoked
2007,2007-08-11,8.0,Florida,FL,"Ponce Inlet,  New Smyrna Beach, Volusia County",Walking out of the water after surfing,True,19.0,M,"Minor injury, lacerations to left ankle & foot ",N,Unprovoked
2007,2007-08-12,8.0,Florida,FL,"New Smyrna Beach, Volusia County",Swimming,False,15.0,F,"Minor injury, small lacerations to right foot",N,Unprovoked
2007,2007-08-15,8.0,Florida,FL,Sarasota Bay,Floating near boat & observing bioluminesce,False,20.0,M,Puncture wounds to torso,N,Unprovoked
2007,2007-08-19,8.0,Florida,FL,"Islamorada Founder's Park, Plantation Key, Monroe County",Swimming,False,52.0,M,Torso bitten,N,Unprovoked
2007,2007-08-19,8.0,South Carolina,SC,"Lakewood Campground, Grand Strand, Horry County",Playing,False,7.0,M,Right calf bitten,N,Unprovoked
2007,2007-08-19,8.0,Florida,FL,"New Smyrna Beach, Volusia County",Surfing,True,16.0,M,Foot bitten,N,Unprovoked
2007,2007-08-20,8.0,Delaware,DE,"Indian River Inlet, Rehoboth Beach",Fishing,False,,M,Forearm bitten by hooked shark PROVOKED INCIDENT,N,Provoked
2007,2007-08-22,8.0,North Carolina,NC,North Carolina Aquarium at Fort Fisher,Diving,False,,M,Minor injury from captive shark PROVOKED INCIDENT,N,Provoked
2007,2007-08-25,8.0,Florida,FL,"New Smyrna Beach, Volusia County",Surfing,True,27.0,M, 6 lacerations to left hand,N,Unprovoked
2007,2007-08-26,8.0,Florida,FL,"New Smyrna Beach, Volusia County",Surfing,True,54.0,M,Left hand  bitten,N,Unprovoked
2007,2007-08-28,8.0,California,CA,"Marina State Beach, Monterey County",Surfing,True,24.0,M,Lacerations to thigh & torso,N,Unprovoked
2007,2007-08-28,8.0,Hawaii,HI,"Ka'a'awa, Oahu",Body boarding,True,15.0,M,Laceration to right heel,N,Unprovoked
2007,2007-09-03,9.0,Florida,FL,"Fort Lauderdale, Broward County",Swimming,False,58.0,M,"3"" laceration to left forearm",N,Unprovoked
2007,2007-09-03,9.0,Florida,FL,"Daytona Beach, Volusia County",Jumping,False,12.0,F,Tiny punctures to arm,N,Unprovoked
2007,2007-09-04,9.0,South Carolina,SC,Sullivan's Island,Standing,False,15.0,M,Lacerations to left calf and both feet ,N,Unprovoked
2007,2007-09-05,9.0,Florida,FL,"Daytona Beach, Volusia County",Wading,False,36.0,F,Laceration to right big toe,N,Unprovoked
2007,2007-09-08,9.0,Florida,FL,"Pepper Park Beach, St. Lucie County",Wading,False,58.0,F,Puncture wounds & 2-inch laceration to calf,N,Unprovoked
2007,2007-09-13,9.0,Florida,FL,"Lauderdale-by-the-Sea, Broward County",Snorkeling,False,14.0,M,"Minor injury, shark latched onto his abdomen",N,Unprovoked
2007,2007-09-16,9.0,Florida,FL,"New Smyrna Beach, Volusia County",Wading?,False,56.0,M,Laceration to right heel,N,Unprovoked
2007,2007-09-16,9.0,Florida,FL,"Flagler Beach, Flagler County",Surfing,True,,F,"No injury, surfboard bitten",N,Unprovoked
2007,2007-09-20,9.0,Florida,FL,"New Smyrna Beach, Volusia County",Surfing,True,23.0,M,Small lacerations to bottom of right big toe,N,Unprovoked
2007,2007-09-22,9.0,Florida,FL,Huguenot Park,Surfing,True,,F,Laceration to foot,N,Unprovoked
2007,2007-09-22,9.0,Florida,FL,Jupiter Inlet,Scuba diving,False,,F,Shark involvement prior to death unconfirmed,Y,Invalid
2007,2007-09-27,9.0,California,CA,"Moonstone Beach, Humboldt County",Surfing,True,,F,"No injury to surfer, surfboard bitten",N,Unprovoked
2007,2007-09-30,9.0,California,CA,"Santa Monica, Los Angeles County",Surfing,True,,M,Puncture wound to foot,N,Unprovoked
2007,2007-10-06,10.0,Florida,FL,"Playalinda Beach, Canaveral National Seashore, Brevard County",Surfing,True,16.0,M,Severe lacerations to right hand,N,Unprovoked
2007,2007-10-07,10.0,California,CA,"Venice Pier, Venice, Los Angeles County",Surfing,True,22.0,M,4 scratches on left hand,N,Unprovoked
2007,2007-10-29,10.0,Hawaii,HI,"Wailea, Maui",Floating,False,32.0,M,Lacerations to left lower leg,N,Unprovoked
2007,2007-11-04,11.0,Florida,FL,"Round Island Park, Indian River County",Surfing,True,42.0,M,Lacerations to right leg,N,Unprovoked
2007,2007-11-06,11.0,Florida,FL,"New Smyrna Beach, Volusia County",Surfing,True,21.0,M,Cut to right knee,N,Unprovoked
2007,2007-12-10,12.0,Hawaii,HI,"Waialua Bay, O'ahu",Surfing,True,52.0,M,"No injury, shark bit surfboard ",N,Unprovoked
2008,2008-01-10,1.0,Florida,FL,"Playalinda Beach, Canaveral National Seashore, Brevard County",Surfing,True,20.0,M,Left foot bitten,N,Unprovoked
2008,2008-02-06,2.0,Florida,FL,"Opposite Patrick Air Force Base, Brevard County",Surf-skiing,True,,M,Lacerations to foot,N,Unprovoked
2008,2008-02-15,2.0,Florida,FL,"Ponce Inlet, Volusia County",Surfing,True,25.0,M,Lacerations to foot,N,Unprovoked
2008,2008-03-07,3.0,California,CA," Huntington Beach, Orange County",Surfing,True,27.0,M,"No injury to surfer, surfboard bitten by the shark",N,Unprovoked
2008,2008-03-15,3.0,Florida,FL,"Lovers Key State Park, Bonita Springs, Lee County",Jet skiing,False,8.0,M,Minor injury,N,Unprovoked
2008,2008-03-21,3.0,Florida,FL,"Beachway Avenue Approach, New Smyrna Beach, Volusia County",Wading,False,14.0,M,Two 3-inch lacerations to right ankle,N,Unprovoked
2008,2008-03-23,3.0,Florida,FL,"South of Ponce de Leon Jetty, New Smyrna Beach, Volusia County",Walking out of the water after surfing,True,13.0,M,Three small lacerations/ punctures to right foot,N,Unprovoked
2008,2008-03-25,3.0,Florida,FL,"Palm Beach Shores, Palm Beach County",Wading,False,15.0,M,Shin bitten,N,Unprovoked
2008,2008-03-28,3.0,Florida,FL,"New Smyrna Beach / Ponce Inlet, Volusia County",Surfing,True,52.0,M,Foot bitten,N,Unprovoked
2008,2008-03-28,3.0,Florida,FL,"Near Cocoa Beach, Brevard  County",Boogie Boarding,True,,M,Right foot bitten,N,Unprovoked
2008,2008-04-03,4.0,Florida,FL,"South of Ponce de Leon Jetty, New Smyrna Beach, Volusia County",Walking out of the water after surfing,True,18.0,M,Right foot & ankle bitten,N,Unprovoked
2008,2008-04-15,4.0,Florida,FL,"Playalinda Beach, Canaveral National Seashore, Brevard County",Surfing,True,30.0,M,Puncture wounds to right foot,N,Unprovoked
2008,2008-04-20,4.0,Florida,FL,"New Smyrna Beach, Volusia County",Surfing,True,14.0,M,Cuts & punctures to right foot,N,Unprovoked
2008,2008-04-25,4.0,California,CA,"Solana Beach, San Diego County",Swimming,False,66.0,M,FATAL,Y,Unprovoked
2008,2008-04-26,4.0,Florida,FL,"New Smyrna Beach, Volusia County",Surfing,True,21.0,M,Puncture wounds to right foot                  PROVOKED INCIDENT,N,Provoked
2008,2008-04-27,4.0,Florida,FL,"New Smyrna Beach, Volusia County",Surfing,True,24.0,M,Calf bitten,N,Unprovoked
2008,2008-04-28,4.0,Florida,FL,"New Smyrna Beach, Volusia County",Surfing,True,18.0,M,3-inch laceration to dorsal surface of left foot,N,Unprovoked
2008,2008-05-07,5.0,Florida,FL,"New Smyrna Beach, Volusia County",Wading,False,6.0,M,2 inch laceration to left lower calf.,N,Unprovoked
2008,2008-05-26,5.0,North Carolina,NC,"Hammocks Beach State Park, Bear Island, Onslow County",Surfing,True,9.0,M,Biceps & lower arm bitten,N,Unprovoked
2008,2008-06-01,6.0,South Carolina,SC,Cherry Grove,Body surfing,True,15.0,F,Foot bitten,N,Unprovoked
2008,2008-06-07,6.0,Florida,FL,"Cocoa Beach, Brevard  County",Body surfing,True,40.0,M,Lacerations & abrasions to right hand,N,Unprovoked
2008,2008-06-20,6.0,Florida,FL,"Fernandina Beach, Nassau County",Wading,False,35.0,F,Lacerations to lower right calf,N,Unprovoked
2008,2008-06-21,6.0,California,CA,"West Cove, Catalina Island",Kayaking,False,40.0,F," No injury. Shark bumped kayak, flinging her into the  water. ",N,Unprovoked
2008,2008-06-26,6.0,South Carolina,SC,"Isle of Palms, Charleston County",Swimming,False,37.0,M,Lacerations to hand,N,Unprovoked
2008,2008-06-26,6.0,Florida,FL,"New Smyrna Beach, Volusia County",Surfing,True,29.0,M,Minor laceration to foot,N,Unprovoked
2008,2008-06-28,6.0,Hawaii,HI,"Kamilo Point, Hawai'i",Wading,False,53.0,M,Probable drowning with post-mortem bites,Y,Invalid
2008,2008-07-05,7.0,South Carolina,SC,"Litchfield Beach, Georgetown County",,False,17.0,F,Lacerations to right foot,N,Unprovoked
2008,2008-07-09,7.0,North Carolina,NC,"Emerald Isle, Carteret County",Swimming,False,14.0,F,Lacerations to  right foot,N,Unprovoked
2008,2008-07-11,7.0,South Carolina,SC,"Isle of Palms, Charleston County",Surfing,True,24.0,M,Laceration to foream,N,Unprovoked
2008,2008-07-13,7.0,North Carolina,NC,"Carolina Beach, New Hanover County",Body surfing,True,52.0,M,"Bruises, abrasions and some spinal and nerve damage when collided with marine animal, possibly a shark or dolphin.",N,Invalid
2008,2008-07-19,7.0,Florida,FL,"New Smyrna Beach, Volusia County",Wading,False,16.0,M,Lacerations to lower left leg,N,Unprovoked
2008,2008-07-23,7.0,Florida,FL,"New Smyrna Beach, Volusia County",Surfing,True,15.0,M,Foot bitten after he stepped on the shark PROVOKED INCIDENT,N,Provoked
2008,2008-07-24,7.0,North Carolina,NC,"Surf City, Topsail Island, Pender County",Wading,False,9.0,M,Minor lacerations to  toe,N,Unprovoked
2008,2008-07-24,7.0,North Carolina,NC,"Topsail Island, Pender County",Wading,False,8.0,F,Lacerations to dorsum of right foot ,N,Unprovoked
2008,2008-07-25,7.0,Florida,FL,"New Smyrna Beach, Volusia County",Surfing,True,17.0,M,Right foot bitten,N,Unprovoked
2008,2008-07-25,7.0,Hawaii,HI,"Lahilahi Point, Oahu",Snorkeling,False,44.0,F,Forearm bitten ,N,Unprovoked
2008,2008-07-26,7.0,Hawaii,HI,"Honokowai, Maui",Swimming,False,,M,Minor injury,N,Unprovoked
2008,2008-08-11,8.0,Hawaii,HI,"Ala Moana Beach Park, Oah'u",Diving,False,,M,"No injury, shark grabbed his bag of fish",N,Unprovoked
2008,2008-08-12,8.0,Florida,FL,"New Smyrna Beach, Volusia County",Wading,False,13.0,F,Puncture wounds & 3-inch laceration to right calf,N,Unprovoked
2008,2008-08-16,8.0,US Virgin Islands,,Buck Island,Treading water,False,38.0,F,Severe lacerations to left foot,N,Unprovoked
2008,2008-08-18,8.0,South Carolina,SC,"North Myrtle Beach, Horry County",,False,7.0,M,Minor injuries,N,Invalid
2008,2008-08-20,8.0,Florida,FL,"Sanibel Island, Lee County",Swimming,False,47.0,M,3 lacerations to forearm,N,Unprovoked
2008,2008-08-24,8.0,North Carolina,NC,"Surf City, Topsail Island, Pender County",Surfing,True,20.0,F,Calf bitten,N,Invalid
2008,2008-08-24,8.0,Florida,FL,"New Smyrna Beach, Volusia County","Swimming, towing surfboard",True,20.0,M,Minor injury to left foot,N,Unprovoked
2008,2008-08-27,8.0,Florida,FL,"New Smyrna Beach, Volusia County",Surfing,True,26.0,M,Lacerations to lower left leg,N,Unprovoked
2008,2008-08-28,8.0,Florida,FL,"New Smyrna Beach, Volusia County",Surfing,True,19.0,M,Superfical cut to left ankle,N,Unprovoked
2008,2008-08-30,8.0,Hawaii,HI,"McKenzie Beach Park in Pahoa, Hawai'i ",Swimming,False,27.0,M,Death was probably due to drowning,Y,Invalid
2008,2008-09-01,9.0,Florida,FL,"New Smyrna Beach, Volusia County",Surfing,True,52.0,M,Shark bumped right ankle,N,Unprovoked
2008,2008-09-06,9.0,Florida,FL,"Ponce Inlet, New Smyrna Beach, Volusia County",Surfing,True,43.0,M,Minor injury to foot,N,Unprovoked
2008,2008-09-06,9.0,Florida,FL,"Ponce Inlet, New Smyrna Beach, Volusia County",Surfing,True,15.0,M,Minor injury to foot,N,Unprovoked
2008,2008-09-08,9.0,California,CA,"Surf Beach, Lompoc, Santa Barbara County",Surfing,True,,M,"No injury to surfer, board bitten",N,Unprovoked
2008,2008-09-09,9.0,Hawaii,HI,"Ka'a'awa, Oahu",Surfing,True,40.0,M,Bitten on right thigh & calf,N,Unprovoked
2008,2008-09-14,9.0,Florida,FL,"Ormond-by-the-Sea, Volusia County",Swimming,False,32.0,M,Lacerations to foot,N,Unprovoked
2008,2008-09-28,9.0,Florida,FL,Bethune Beach,Surfing,True,40.0,M,Right foot bitten,N,Unprovoked
2008,2008-09-28,9.0,Florida,FL,"New Smyrna Beach, Volusia County",Surfing,True,44.0,M,Small puncture wounds to the heel of left foot,N,Unprovoked
2008,2008-10-08,10.0,Florida,FL,"Santa Rosa Beach, Walton County",Fishing,False,11.0,M,Lacerations,N,Unprovoked
2008,2008-12-20,12.0,California,CA,"Dillon Beach, Marin County",Kayaking,False,,M,"No injury, shark struck paddle",N,Unprovoked
2009,2009-02-08,2.0,Puerto Rico,PR,Quebradillas,Air Disaster,False,,M,It is probable that all 5 passengers died on impact. The body of one was scavenged by a shark,Y,Sea Disaster
2009,2009-03-17,3.0,Hawaii,HI,Alenuihaha Channel,Swimming,False,61.0,M,"Minor injury, bite chest and left calf",N,Unprovoked
2009,2009-03-18,3.0,Florida,FL,"Ponce Inlet, Volusia County",Surfing,True,17.0,F,Minor bite to ankle,N,Unprovoked
2009,2009-04-03,4.0,Florida,FL,"Sanibel Island, Lee County",Wading,False,15.0,M,Lacerations to right foot and ankle,N,Unprovoked
2009,2009-04-06,4.0,California,CA,San Diego County,Spearfishing,False,,M,Shark struck him but the diver was not injured,N,Unprovoked
2009,2009-04-11,4.0,Hawaii,HI,Kona,Spearfishing,False,49.0,M,Missing,N,Invalid
2009,2009-04-17,4.0,Florida,FL,"Walton Rocks, St Lucie County",Surfing,True,31.0,M,Laceration to forearm,N,Unprovoked
2009,2009-04-19,4.0,Florida,FL,"Carlin Park, Jupiter Inlet",Surfing,True,52.0,M,Left foot bitten,N,Unprovoked
2009,2009-04-21,4.0,Florida,FL,"New Smyrna Beach, Volusia County",Surfing,True,20.0,M,3 puncture wounds to posterior right ankle,N,Unprovoked
2009,2009-04-28,4.0,Florida,FL,"St. Augustine, St. John's County",,False,,F,Multiple lacerations to right foot & ankle,N,Unprovoked
2009,2009-05-16,5.0,Florida,FL,"New Smyrna Beach, Volusia County",Surfing,True,55.0,M,Lacerations to right hand,N,Unprovoked
2009,2009-05-16,5.0,Florida,FL,"New Smyrna Beach, Volusia County",Surfing,True,49.0,M,Lacerations to right foot,N,Unprovoked
2009,2009-05-17,5.0,Florida,FL,"New Smyrna Beach, Volusia County",Surfing,True,31.0,M,Lacerations to left leg & foot,N,Unprovoked
2009,2009-05-25,5.0,Florida,FL,"Clearwater Beach, Pinellas County",Swimming,False,,M,Right foot bitten,N,Provoked
2009,2009-06-16,6.0,Florida,FL,"Melbourne Beach, Brevard County",Crawling,False,14.0,M,2-inch laceration to upper left arm,N,Invalid
2009,2009-06-21,6.0,California,CA,"Shell Beach, San Luis Obispo County",Surfing,True,26.0,M,Puncture wounds to foot,N,Invalid
2009,2009-07-04,7.0,Florida,FL,"Biscayne National Park, Miami",Swimming,False,43.0,F,Thigh injured by hooked shark PROVOKED INCIDENT,N,Provoked
2009,2009-07-05,7.0,Florida,FL,"Daytona Beach, Volusia County",Boogie Boarding,True,12.0,F,Right ankle bitten,N,Unprovoked
2009,2009-07-11,7.0,California,CA,"San Onofre, San Diego County ",Paddle-surfing,True,,M,"No injury, shark collided with surfer & board",N,Unprovoked
2009,2009-07-22,7.0,Florida,FL,"Intracoastal Waterway,      St. Petersburg",Swimming,False,19.0,F,Laceration to lower right leg,N,Unprovoked
2009,2009-07-22,7.0,North Carolina,NC,Holden Beach. Brunswick County,Swimming,False,26.0,F,Laceration to left foot,N,Unprovoked
2009,2009-07-24,7.0,Texas,TX,South Padre Island,Wading,False,14.0,F,Lacerations to anterior left lower leg,N,Unprovoked
2009,2009-08-01,8.0,Louisiana,LA,"Curlew Island, Breton Sound",Wade Fishing,False,56.0,M,Right ankle & foot bitten,N,Unprovoked
2009,2009-08-06,8.0,Hawaii,HI,Kawa'a ,Surfing,True,,M,"No injury, surfboard bitten",N,Unprovoked
2009,2009-08-10,8.0,Florida,FL,"Ponce, Volusia County",Swimming,False,26.0,M,Puncture marks on left foot,N,Unprovoked
2009,2009-08-25,8.0,California,CA,"Terramar Beach, Carlsbad, San Diego County",Swimming,False,22.0,F,Puncture wounds to left foot & calf,N,Unprovoked
2009,2009-08-30,8.0,California,CA,"Huntington Beach, Orange County",Surfing,True,,M,No injury,N,Unprovoked
2009,2009-09-12,9.0,North Carolina,NC,"Corolla, Currituck County",Swimming,False,60.0,M,FATAL,Y,Invalid
2009,2009-09-26,9.0,Florida,FL,"Key Colony Beach, Monroe County",Swimming,False,,M,Laceration to right foot,N,Unprovoked
2009,2009-10-09,10.0,California,CA,"San Onofre State Beach, San Diego County",Surfing,True,,M,Laceration to shin of left leg,N,Unprovoked
2009,2009-10-19,10.0,Hawaii,HI,"Kalama Park, Maui",Surfing,True,54.0,M,Bitten on upper right thigh & right ankle,N,Unprovoked
2009,2009-10-24,10.0,California,CA,"San Onofre, San Diego County ",Surfing,True,,M,"3 puncture wounds to big toe of left foot, and laceration on arch of foot",N,Unprovoked
2009,2009-11-05,11.0,California,CA,"Davenport, Santa Cruz County",Surfing,True,21.0,M,"No injury, board broken in half",N,Unprovoked
2009,2009-11-11,11.0,Florida,FL,"New Smyrna Beach, Volusia County",Surfing,True,18.0,M,Foot bitten,N,Unprovoked
2009,2009-11-13,11.0,Florida,FL,"Jupiter, Palm Beach County",Surfing,True,27.0,F,Foot bitten,N,Unprovoked
2009,2009-11-16,11.0,California,CA,"Loch Lomond, Marin County",Fishing,False,31.0,M,Puncture wounds and minor lacerations to dorsal surface of his left hand,N,Unprovoked
2009,2009-11-16,11.0,Florida,FL,"Jupiter, Palm Beach County",Surfing,True,22.0,M,Foot bitten,N,Unprovoked
2009,2009-11-24,11.0,Florida,FL,"Lori Wilson Park, Cocoa Beach, Brevard County",Wading,False,10.0,M,Left foot bitten,N,Unprovoked
2009,2009-11-25,11.0,California,CA,"Huntington Beach, Orange County",Surfing,True,49.0,M,Puncture wounds to right foot,N,Invalid
2009,2009-12-05,12.0,New Jersey,NJ,"Adventure Aquarium, Camden",Diving,False,58.0,M,Lacerations & puncture wounds to right calf & ankle when diver accidentally backed into the shark  PROVOKED INCIDENT,N,Provoked
2010,2010-01-06,1.0,Florida,FL,Elliot Key,Spearfishing,False,32.0,M,Lacerations to  arm,N,Unprovoked
2010,2010-02-03,2.0,Florida,FL,"Stuart, Martin County",Kite Boarding,False,38.0,M,FATAL,Y,Unprovoked
2010,2010-02-06,2.0,Florida,FL,Riviera Beach,Surf fishing / wading,False,,M,Leg bitten while trying to free a hooked shark PROVOKED INCIDENT,N,Provoked
2010,2010-04-19,4.0,Hawaii,HI,"Hanalei Bay, Kauai",Surfing,True,68.0,M,"No injury, surfboard bitten",N,Unprovoked
2010,2010-04-28,4.0,Florida,FL,Hanalei Bay,Measuring sharks,False,29.0,M,Arm bitten PROVOKED INCIDENT ,N,Provoked
2010,2010-05-01,5.0,Florida,FL,New Smyrna Beach,Wading,False,10.0,F,Minor puncture wounds to right ankle,N,Unprovoked
2010,2010-05-30,5.0,Florida,FL,Off Tarpon Springs,Fishing,False,49.0,M,Laceration to left calf by hooked shark PROVOKED INCIDENT,N,Provoked
2010,2010-06-10,6.0,Florida,FL,Jacksonville,Boogie Boarding,True,18.0,F,Lacerations to left calf and foot,N,Unprovoked
2010,2010-06-25,6.0,North Carolina,NC,"Topsail Island, Pender County",Swimming,False,13.0,F,Laceration to left foot,N,Unprovoked
2010,2010-06-25,6.0,South Carolina,SC,Fripp Island,Boogie Boarding,True,6.0,F,Laceration to leg,N,Unprovoked
2010,2010-06-27,6.0,Texas,TX,"Eight Mile Beach, Galveston",Surfing,True,20.0,M,Lacerations to right foot,N,Unprovoked
2010,2010-07-02,7.0,California,CA,"Dog Patch, San Onofre",Stand-Up Paddleboarding,False,48.0,M,"No injury, board bumped by shark",N,Unprovoked
2010,2010-07-02,7.0,California,CA,"Pismo Beach, San Luis  Obispo County",Surfing,True,19.0,M,Laceration to left foot,N,Unprovoked
2010,2010-07-03,7.0,New York,NY,Off Long Island,Fishing,False,20.0,M,Laceration to right bicep by hooked shark PROVOKED INCIDENT,N,Provoked
2010,2010-07-11,7.0,Florida,FL,"Lauderdale-by-the-Sea, Broward County",Fishing,False,,M,Small laceration to forearm from netted shark  PROVOKED INCIDENT,N,Provoked
2010,2010-07-16,7.0,Texas,TX,Galveston,Fishing,False,,M,Leg bitten,N,Unprovoked
2010,2010-07-17,7.0,Florida,FL,New Smyrna Beach,Surfing,True,55.0,M,Minor lacerations to right foot,N,Unprovoked
2010,2010-07-17,7.0,North Carolina,NC,"Wrightsville Beach, New Hanover County",Swimming,False,13.0,F,Lacerations to right forearm,N,Unprovoked
2010,2010-07-19,7.0,South Carolina,SC,Myrtle Beach,Swimming,False,10.0,M,Minor lacerations to left calf,N,Unprovoked
2010,2010-07-23,7.0,Florida,FL,"Jacksonville Beach, Duval County",Surfing,True,20.0,M,Left foot bitten,N,Unprovoked
2010,2010-07-25,7.0,South Carolina,SC,"Isle of Palms, Charleston County",Standing,False,16.0,M,Lacerations to right lower leg,N,Unprovoked
2010,2010-08-02,8.0,Florida,FL,"Micklers Landing, St. Johns County",Standing,False,37.0,F,Lacerations to forearm,N,Unprovoked
2010,2010-08-02,8.0,California,CA,"Near oil rig Hondo, 5 nm from Gaviota, Santa Barbara County",Kayaking,False,,M,"No injury, kayak bitten",N,Unprovoked
2010,2010-08-05,8.0,Florida,FL,"Bethune Beach, Volusia County",Swimming,False,,F,Minor abrasions to legs when she was lifted on the back of a large marine animal,N,Invalid
2010,2010-08-07,8.0,North Carolina,NC,"Figure Eight Island, Wilmington, New Hanover County",Surfing,True,25.0,M,Left foot bitten,N,Unprovoked
2010,2010-08-14,8.0,California,CA,"Pigeon Point, San Mateo County",Kayak Fishing,False,45.0,M,"No injury, kayak bitten",N,Unprovoked
2010,2010-08-18,8.0,Florida,FL,Crescent Beach St. Johns County,Boogie Boarding,True,10.0,M,Minor injuries to foot,N,Unprovoked
2010,2010-09-03,9.0,Florida,FL,"New Smyrna Beach, Volusia County",Surfing,True,24.0,M,Left thigh bitten,N,Unprovoked
2010,2010-09-03,9.0,Florida,FL,"New Smyrna Beach, Volusia County",Surfing,True,24.0,M,Lacerations to right  hand ,N,Unprovoked
2010,2010-09-04,9.0,Florida,FL,"New Smyrna Beach, Volusia County",Surfing,True,,M,"No injury, shark charged surfboard",N,Unprovoked
2010,2010-09-07,9.0,Florida,FL,"St. Augustine, St. John's County",Swimming,False,27.0,M,Lacerations to left wrist,N,Unprovoked
2010,2010-09-24,9.0,Virginia,VA,Sandridge Beach,Surfing,True,18.0,M,Bite to left ankle and knee,N,Unprovoked
2010,2010-09-27,9.0,Oregon,OR,Winchester Bay,Surfing,True,29.0,M,"No injury, surfboard rammed",N,Unprovoked
2010,2010-10-22,10.0,California,CA,"Surf Beach, Vandenberg AFB, Santa Barbara County",Body boarding,True,19.0,M,FATAL,Y,Unprovoked
2010,2010-10-23,10.0,Maine,ME,"Burnt Cove near Eastport, Washington County",Scuba diving,False,30.0,M,"No injury to diver, shark bit his video camera",N,Unprovoked
2010,2010-10-28,10.0,Oregon,OR,Florence,Surfing,True,,M,No injury to surfer,N,Unprovoked
2010,2010-11-19,11.0,Palmyra Atoll,,,Snorkeling,False,33.0,M,Head bitten by netted shark PROVOKED INCIDENT,N,Provoked
2010,2010-12-11,12.0,Hawaii,HI,"Tavares Bay, Maui",Surfing,True,46.0,M,Lacerations to right foot,N,Unprovoked
2010,2010-12-26,12.0,Hawaii,HI," Kahului, Maui",Body boarding,True,16.0,M,"Lacerations to his lower left leg, calf, foot & ankle",N,Unprovoked
2011,2011-04-22,4.0,Florida,FL,"New Smyrna Beach, Volusia County",Surfing,True,49.0,M,Minor puncture wounds,N,Unprovoked
2011,2011-04-26,4.0,Florida,FL,"Riviera Beach, Palm Beach County",Spearfishing,False,32.0,M,Calf bitten,N,Unprovoked
2011,2011-05-10,5.0,Florida,FL,Miami,Fishing,False,,M,Laceration to arm by captive shark PROVOKED INCIDENT,N,Provoked
2011,2011-05-13,5.0,Florida,FL,"Ormond Beach, Volusia County",Surfing,True,37.0,M,Minor injury; puncture wounds to calf,N,Unprovoked
2011,2011-05-13,5.0,Florida,FL,"Ponte Vedra Beach, St Johns County",Body surfing,True,86.0,M,Lacerations to left foot & ankle,N,Unprovoked
2011,2011-05-22,5.0,Hawaii,HI,"Lyman Beach, Kailua-Kona",Paddle boarding,False,,F,"No injury, board bitten",N,Unprovoked
2011,2011-05-25,5.0,Hawaii,HI,"Lyman Beach, Kailua-Kona",Surfing,True,,F,"No injury, board bitten",N,Unprovoked
2011,2011-05-30,5.0,Texas,TX,"Follett's Island, Brazoria County",Standing or boogie boardin,True,22.0,F,Lacerations & punctures to right thigh ,N,Unprovoked
2011,2011-06-06,6.0,California,CA,"La Jolla, San Diego County",Spearfishing,False,28.0,M,"No injury, minor damage to wetsuit",N,Unprovoked
2011,2011-06-06,6.0,Florida,FL,"New Smyrna Beach, Volusia County",Wading,False,19.0,M,Puncture wound to calf,N,Unprovoked
2011,2011-06-12,6.0,Florida,FL,"Off Jupiter Inlet, Palm Beach County",Scuba diving,False,28.0,M,Lacerations to right calf,N,Unprovoked
2011,2011-06-21,6.0,Florida,FL,"Perdido Key, Escambia County",Jet skiing,False,20.0,M,Lacerations to foot and ankle,N,Unprovoked
2011,2011-06-24,6.0,California,CA,"San Onofre State Beach, San Diego County",Surfing,True,,M,Shark leapt onto surfboard; surfer uninjured ,N,Unprovoked
2011,2011-06-26,6.0,North Carolina,NC,"North Topsail Beach, Onslow County",Playing in the surf,True,10.0,F,Ankle bitten,N,Unprovoked
2011,2011-07-07,7.0,Texas,TX,"Mustang Island, Nueces County",Wade Fishing,False,14.0,M,Lacerations to right foot,N,Unprovoked
2011,2011-07-07,7.0,Texas,TX,"Sunday Beach, Matagorda Island, Calhoun  County",Swimming,False,12.0,M,Foot bitten,N,Unprovoked
2011,2011-07-13,7.0,Texas,TX,"South Padre Island, Cameron County",Surf fishing,False,,M,Lacerations to left foot,N,Unprovoked
2011,2011-07-19,7.0,North Carolina,NC,"Ocracoke Island, Hyde County",Boogie Boarding,True,6.0,F,Lower right leg & foot bitten,N,Unprovoked
2011,2011-07-25,7.0,New Jersey,NJ,"Egg Harbor, Atlantic County",Wade Fishing,False,,M,"No injury, shark bit boot",N,Unprovoked
2011,2011-08-11,8.0,North Carolina,NC,Beaufort Inlet,Swimming,False,54.0,M,Lower right leg bitten,N,Unprovoked
2011,2011-08-15,8.0,South Carolina,SC,"Myrtle Beach, Horry County",Playing in the surf,True,7.0,M,Puncture wounds to foot,N,Invalid
2011,2011-08-16,8.0,Puerto Rico,PR, Vieques,Floating,False,27.0,M,Lacerations to  lower right leg and foot,N,Unprovoked
2011,2011-08-17,8.0,North Carolina,NC,"Wrightsville Beach, New Hanover County",,False,12.0,M,Abrasions to left hand,N,Invalid
2011,2011-08-17,8.0,North Carolina,NC,"Kure Beach, New Hanover County",Wading,False,20.0,F,Lacerations to foot,N,Unprovoked
2011,2011-08-24,8.0,North Carolina,NC,Holden Beach. Brunswick County,,False,10.0,M,Heel bitten,N,Unprovoked
2011,2011-08-24,8.0,North Carolina,NC,"Buxton Beach, Dare County",Surfing,True,21.0,M,Lacerations to foot,N,Unprovoked
2011,2011-08-28,8.0,Texas,TX,"Grass Island, Aransas County",Wade Fishing,False,39.0,F,"Lacerations to anterior left shin, abrasion to posteior right leg",N,Unprovoked
2011,2011-08-31,8.0,Florida,FL,Crescent Beach St. Johns County,Surfing,True,19.0,M,Lacerations to lower leg,N,Unprovoked
2011,2011-09-02,9.0,Florida,FL,"New Smyrna Beach, Volusia County",Surfing,True,19.0,M,Lacerations to ankle & foot,N,Unprovoked
2011,2011-09-04,9.0,Hawaii,HI,"Nimitz State Beach, Oahu",Surfing,True,,,"No injury, shark bit surfboard",N,Unprovoked
2011,2011-09-11,9.0,California,CA,"Samoa Beach, Humboldt County",Surfing,True,37.0,M,"No injury, board bitten",N,Unprovoked
2011,2011-09-16,9.0,Florida,FL,New Smyrna Beach,Surfing,True,25.0,M,Lacerations to arm,N,Unprovoked
2011,2011-09-20,9.0,Hawaii,HI,Kauai,Canoeing,False,,M,"No injury, canoe bitten by shark",N,Boat
2011,2011-09-24,9.0,South Carolina,SC,"North Myrtle Beach, Horry County",Jumping in the waves,False,5.0,M,Laceration to left thigh,N,Unprovoked
2011,2011-09-24,9.0,Florida,FL,"Santa Maria Island, Manatee County",Spearfishing,False,21.0,M,Laceration to left thigh,N,Unprovoked
2011,2011-09-30,9.0,Puerto Rico,PR,Hatillo Beach,Surfing,True,27.0,M,Lacerations to lower right leg ,N,Invalid
2011,2011-10-01,10.0,Alabama,AL,"Gulf Shores, Baldwin County",,False,29.0,M,Lacerations to right wrist and middle finger,N,Unprovoked
2011,2011-10-02,10.0,Florida,FL,"Santa Maria Island, Manatee County",Wade fishing,False,,M,Minor injury to thigh,N,Unprovoked
2011,2011-10-10,10.0,Oregon,OR,Seaside,Surfing,True,,M,No injury,N,Unprovoked
2011,2011-10-11,10.0,Florida,FL,Cape Canaveral,Surfing,True,,M,Foot bitten,N,Unprovoked
2011,2011-10-20,10.0,Oregon,OR,"Newport, Lincoln County",Surfing,True,41.0,M,"No injury, shark bit surfboard",N,Unprovoked
2011,2011-10-29,10.0,California,CA,"Marina State Beach, Monterey County",Surfing,True,27.0,M,"Lacerations to right wrist, foream & neck",N,Unprovoked
2011,2011-11-22,11.0,California,CA,Pigeon Point,Kayaking,False,,M,"No injury, kayak bitten",N,Unprovoked
2011,2011-12-06,12.0,Oregon,OR,Seaside Cove,Surfing,True,,F,Minor injury to calf ,N,Unprovoked
2011,2011-12-21,12.0,Hawaii,HI,"Makahuena Point, Kauai",Canoeing,False,,M,"No injury, after kayak collided with the shark, it bit the rudder  PROVOKED INCIDENT",N,Provoked
2011,2011-12-23,12.0,Florida,FL,New Smyrna Beach,Surfing,True,27.0,M,Laceration to ankle,N,Unprovoked
2011,2011-12-31,12.0,Florida,FL,"Jupiter, Palm Beach County",,False,,M,Hand injured,N,Unprovoked
2012,2012-01-13,1.0,Oregon,OR,"Lincoln City, Lincoln County",Surfing,True,53.0,M,"No injury, surfboard damaged",N,Unprovoked
2012,2012-01-27,1.0,Hawaii,HI,Lanai,Snorkeling,False,,,"No injury, shark bit swim fin",N,Unprovoked
2012,2012-02-26,2.0,Florida,FL,"Palm Beach Inlet, Palm Beach County",Kite Surfing,True,,M,Laceration to right foot when he struck a shark PROVOKED INCIDENT,N,Provoked
2012,2012-03-04,3.0,Florida,FL,"Playalinda Beach, Brevard County",Kite Surfing,True,19.0,M,Lacerations to left calf,N,Unprovoked
2012,2012-03-14,3.0,Florida,FL,"New Smyrna Beach, Volusia County",Surfing,True,17.0,M,Bitten on calf,N,Unprovoked
2012,2012-03-14,3.0,Florida,FL,"New Smyrna Beach, Volusia County",Surfing,True,15.0,F,Bitten on ankle,N,Unprovoked
2012,2012-03-15,3.0,Florida,FL,"Jensen Beach, Martin County ",Surfing,True,61.0,M,Left forearm bitten,N,Unprovoked
2012,2012-03-24,3.0,Florida,FL,"New Smyrna Beach, Volusia County",Surfing,True,21.0,M,Minor lacerations to foot,N,Unprovoked
2012,2012-04-03,4.0,Hawaii,HI,"Leftovers near Chun's Reef, Oahu",Surfing,True,28.0,M,Lacerations to left foot,N,Unprovoked
2012,2012-04-19,4.0,Florida,FL,"Indialantic, Brevard County",Surfing,True,28.0,M,Lacerations to hand,N,Unprovoked
2012,2012-05-06,5.0,California,CA,Off Catalina Island,Paddle boarding,False,15.0,F,"No injury, shark bit paddleboard",N,Unprovoked
2012,2012-05-09,5.0,Florida,FL,"Vero Beach, Indian River County",Swimming,False,47.0,F,Upper left thigh bitten,N,Unprovoked
2012,2012-05-12,5.0,California,CA,"Leffingwell Landing, Cambria,  San Luis Obispo County",Kayaking / Fishing,False,30.0,M,"No injury, kayaker fell in the water when kayak bitten by a shark",N,Unprovoked
2012,2012-05-20,5.0,Hawaii,HI,"Iroquiois Point, Oahu",Kayak Fishing,False,,M,"No injury, teethmarks in kayak",N,Unprovoked
2012,2012-05-23,5.0,Florida,FL,"Jacksonville, Duval County",Surfing,True,22.0,M,Lacerations to foot,N,Unprovoked
2012,2012-05-31,5.0,North Carolina,NC,"Avon, Hatteras Island, Outer Banks, Dare County",Wading,False,33.0,F,Foot bitten,N,Unprovoked
2012,2012-06-02,6.0,South Carolina,SC,"Myrtle Beach, Horry County",Boogie Boarding,True,25.0,M,Severe laceration to foot,N,Unprovoked
2012,2012-06-02,6.0,Florida,FL,"Bethune Beach, Volusia County",Surfing,True,12.0,F,Laceration to thigh,N,Unprovoked
2012,2012-06-14,6.0,South Carolina,SC,"Myrtle Beach, Horry County",Swimming,False,18.0,F,Foot & hand bitten,N,Unprovoked
2012,2012-06-14,6.0,South Carolina,SC,"Myrtle Beach, Horry County",Swimming,False,,M,Minor injury,N,Unprovoked
2012,2012-06-14,6.0,South Carolina,SC,"Myrtle Beach, Horry County",Swimming,False,16.0,M,Laceration to right foot,N,Unprovoked
2012,2012-06-14,6.0,South Carolina,SC,"Myrtle Beach, Horry County",Swimming,False,,M,Calf bitten,N,Unprovoked
2012,2012-06-15,6.0,Florida,FL,"Summerland Key, Monroe County",Fishing,False,23.0,M,Superficial injury to calf by hooked shark PROVOKED ACCIDENT,N,Provoked
2012,2012-06-18,6.0,North Carolina,NC,"Ocean Isle, Brunswick County",Wading,False,6.0,F,Numerous puncture wounds to leg ,N,Unprovoked
2012,2012-06-19,6.0,South Carolina,SC,"Myrtle Beach, Horry County",Standing,False,16.0,M,"Laceration to foot. Injured by a stingray, not a shark",N,Invalid
2012,2012-06-22,6.0,Florida,FL,"Bathtub Reef  Beach, Stuart, Martin County",Swimming,False,12.0,M,Minor injury,N,Unprovoked
2012,2012-06-26,6.0,Hawaii,HI,"Kahana Beach, Maui",Sitting in the water,False,16.0,F,Laceration to left calf,N,Unprovoked
2012,2012-06-26,6.0,Florida,FL,"New Smyrna Beach, Volusia County",Surfing,True,26.0,M,Nip to left foot,N,Unprovoked
2012,2012-06-26,6.0,Florida,FL,"Juno Beach, Palm Beach County",Swimming,False,6.0,M,Thigh bitten,N,Unprovoked
2012,2012-07-07,7.0,California,CA,"Pleasure Point, Santa Cruz County",Kayaking,False,52.0,M,"No injury, kayak bitten",N,Unprovoked
2012,2012-07-08,7.0,North Carolina,NC,"North Topsail Beach, Onslow County",Swimming,False,43.0,F,Lacerations to right ankle and calf,N,Unprovoked
2012,2012-07-24,7.0,North Carolina,NC,"Ocean Isle, Brunswick County",,False,12.0,M,Shark involvement unconfirmed,N,Invalid
2012,2012-07-30,7.0,Massachusetts,MA,"Ballston Beach, Truro, Cape Cod",Body surfing,True,50.0,M,Lacerations to both legs below the knees,N,Unprovoked
2012,2012-07-30,7.0,Hawaii,HI,"Mahaulepu Beach, Kauai",Surfing,True,44.0,M,Left foot bitten,N,Unprovoked
2012,2012-07-31,7.0,California,CA,"Topanga Beach, Los Angeles County",Surfing,True,17.0,M,"No injury, surfer knocked off board when shark struck surfboard",N,Unprovoked
2012,2012-08-08,8.0,Florida,FL,Key Largo,Free diving,False,56.0,M,Lacerations to little finger of left hand,N,Unprovoked
2012,2012-08-15,8.0,Alabama,AL,"Gulf Shores, Baldwin County",Wading or swimming,False,31.0,M,Lacerations to leg,N,Unprovoked
2012,2012-09-02,9.0,Florida,FL,"New Smyrna Beach, Volusia County",Swimming or boogie boarding,True,56.0,F,Puncture wound to left ankle,N,Unprovoked
2012,2012-09-02,9.0,Hawaii,HI,"Spreckelsville, Maui",Spearfishing,False,,,Minor laceration to hand  PROVOKED INCIDENT,N,Provoked
2012,2012-09-02,9.0,Florida,FL,"New Smyrna Beach, Volusia County",Boogie boarding,True,8.0,F,Puncture wounds to calf and hand,N,Unprovoked
2012,2012-09-04,9.0,Florida,FL,"Melbourne Beach, Brevard County",Surfing,True,32.0,M,Puncture wounds to hand,N,Unprovoked
2012,2012-09-06,9.0,Florida,FL,"St. Augustine Beach, St. John's County",Surfing,True,37.0,M,Lacerations to foot,N,Unprovoked
2012,2012-09-06,9.0,Florida,FL,"Neptune Beach, Duval County",Surfing,True,30.0,M,Right calf bitten,N,Unprovoked
2012,2012-09-08,9.0,Florida,FL,"South Beach, Miami-Dade County",Swimming,False,,M,Lacerations to right calf,N,Unprovoked
2012,2012-09-08,9.0,Florida,FL,"Lori Wilson Park, Cocoa Beach, Brevard  County",Surfing,True,25.0,M,Right foot bitten,N,Unprovoked
2012,2012-09-09,9.0,Florida,FL,"New Smyrna Beach, Volusia County",Surfing,True,19.0,,Minor injury to elbow,N,Unprovoked
2012,2012-09-16,9.0,Florida,FL," Cocoa Beach, Brevard  County",Surfing,True,52.0,M,Foot bitten,N,Unprovoked
2012,2012-09-24,9.0,Florida,FL,"Spanish House Beach, Brevard County",Surfing,True,22.0,M,Left foot bitten,N,Unprovoked
2012,2012-09-25,9.0,Florida,FL,"Melbourne Beach, Brevard County",Surfing,True,21.0,M,Lacerations to left forearm,N,Unprovoked
2012,2012-10-10,10.0,California,CA,"Davenport Landing, Santa Cruz County",Windsurfing,True,42.0,M,"No ijnury to boardrider, shark struck board breaking the mast",N,Unprovoked
2012,2012-10-16,10.0,Florida,FL,Hobe Sound,,False,,M,Laceration to toe,N,Invalid
2012,2012-10-18,10.0,Florida,FL,"Ponce Inlet, Volusia County",Surfing,True,24.0,M,Minor bite to ankle,N,Unprovoked
2012,2012-10-18,10.0,Hawaii,HI,"Kanaha Beach, Maui",Paddle boarding,False,55.0,M,"No injury, board bitten",N,Unprovoked
2012,2012-10-19,10.0,Florida,FL,"Seaport, Brevard County",,False,35.0,F,Left calf bitten,N,Unprovoked
2012,2012-10-23,10.0,California,CA,"Surf Beach, Lompoc, Santa Barbara County",Surfing,True,39.0,M,FATAL,Y,Unprovoked
2012,2012-10-27,10.0,Hawaii,HI,"Makena Landing, Maui",Swimming,False,51.0,F,"Puncture wounds to thigh, defense wounds  to hand",N,Unprovoked
2012,2012-10-30,10.0,California,CA,"Humboldt Bay, Eureka, Humboldt County",Surfing,True,25.0,M,Multiple lacerations to torso,N,Unprovoked
2012,2012-11-04,11.0,Hawaii,HI,"Davidson's Surf Break, Kekaha, Kaua'i",Surfing,True,43.0,M,"No injury, surfboard bitten",N,Unprovoked
2012,2012-11-04,11.0,Hawaii,HI,"Makena Landing, Maui",Diving,False,30.0,M,Right lower leg and foot bitten,N,Unprovoked
2012,2012-11-19,11.0,Florida,FL,"Melbourne Beach, Brevard County",Surfing,True,14.0,M,Minor lacerations to left foot & heel,N,Unprovoked
2012,2012-11-30,11.0,Hawaii,HI,"Kihei, Maui",Snorkeling,False,61.0,M,Lacerations to thigh & lower left leg,N,Unprovoked
2012,2012-12-05,12.0,Hawaii,HI,Kauai,Surfing,True,60.0,M,Lacerations to left foot,N,Unprovoked
2012,2012-12-31,12.0,Florida,FL,"Jensen Beach, Martin County ",Swimming,False,,M,Lower leg or ankle bitten,N,Unprovoked
2013,2013-01-16,1.0,Hawaii,HI,Kiholo Bay,Surfing,True,43.0,M,Left forearm bitten ,N,Unprovoked
2013,2013-02-10,2.0,Florida,FL,"""Stuart Rocks"", Martin County",Surfing,True,16.0,M,Lacerations to right hand,N,Unprovoked
2013,2013-02-21,2.0,Hawaii,HI,"Paia Bay, Maui",Surfing,True,,M,"No injury, shark bit rail of foam board",N,Unprovoked
2013,2013-02-21,2.0,Hawaii,HI,"Ka'anapali, Honokowai, Maui",Surfing,True,,,Lacerations to right leg,N,Unprovoked
2013,2013-04-02,4.0,Hawaii,HI,Kaanapali Shores,Surfing,True,58.0,M,Right thigh bitten,N,Unprovoked
2013,2013-04-04,4.0,Florida,FL,"Jensen Beach, Martin County ",Swimming,False,50.0,M,Lacerations to hand,N,Unprovoked
2013,2013-04-13,4.0,Florida,FL,"New Smyrna Beach, Volusia County",Surfing,True,21.0,M,Minor lacerations to right hand,N,Unprovoked
2013,2013-04-17,4.0,Florida,FL,"Near Boynton Beach, Palm Beach County",Playing in the surf,True,9.0,M,Lacerations to right foot,N,Unprovoked
2013,2013-05-04,5.0,Florida,FL,"Melbourne Beach, Brevard County",Surfing,True,16.0,M,Lacerations to left foot and ankle,N,Unprovoked
2013,2013-05-08,5.0,California,CA,"Tourmaline Surf Park, San Diego County",Surfing,True,42.0,M,Shark bites were post-mortem,Y,Invalid
2013,2013-05-27,5.0,Florida,FL,"Ormond Beach, Volusia County",Swimming,False,11.0,M,Right foot bitten,N,Unprovoked
2013,2013-05-27,5.0,Hawaii,HI,"Halewia, Oahu",Diving,False,32.0,M,Lacerations to right hand,N,Unprovoked
2013,2013-06-06,6.0,Florida,FL,"Off Snipe Point, Florida Keys, Monroe County",Fishing for sharks,False,58.0,M,Left hand bitten as he attempted to remove hook from shark PROVOKED INCIDENT,N,Provoked
2013,2013-06-15,6.0,Florida,FL,"Atlantic Beach, Duval County",Surfing,True,,F,Lacerations to left ankle,N,Unprovoked
2013,2013-06-17,6.0,Texas,TX,"Surfside Beach, Brazoria County",Swimming,False,15.0,M,Left leg & hand bitten,N,Unprovoked
2013,2013-06-18,6.0,Hawaii,HI,Kona Coast State Park,Swimming,False,28.0,M,Right thigh & calf bitten,N,Unprovoked
2013,2013-06-25,6.0,Florida,FL,"Jacksonville, Duval County",Swimming,False,,M,Lacerations to left foot,N,Unprovoked
2013,2013-06-25,6.0,South Carolina,SC,"Kiawah Island, Charleston County",Swimming,False,14.0,M,"Bitten on lower right leg, reported as a minor injury",N,Unprovoked
2013,2013-06-25,6.0,California,CA,"Pacific State , San Mateo County",Kayaking / Fishing,False,,M,"No injury, kayak scratched",N,Unprovoked
2013,2013-07-11,7.0,North Carolina,NC,Holden Beach. Brunswick County,Wading,False,63.0,F,Right foot bitten,N,Unprovoked
2013,2013-07-19,7.0,Alabama,AL,"Gulf Shores, Baldwin County",Walking in surf,True,50.0,F,Lacerations and abrasions to foot and ankle,N,Unprovoked
2013,2013-07-29,7.0,Hawaii,HI,"White Plains Beach, Oahu",Surfing,True,18.0,M,Lower leg bitten,N,Unprovoked
2013,2013-07-30,7.0,South Carolina,SC,"Isle of Palms, Charleston County",Swimming,False,32.0,M,Foot bitten,N,Unprovoked
2013,2013-07-31,7.0,Hawaii,HI,"Ulua Beach, Maui",Snorkeling,False,56.0,F,"Lacerations to hand, face and torso",N,Unprovoked
2013,2013-08-05,8.0,Florida,FL,"Sanibel Island, Lee County",Fishing,False,17.0,M,Minor injury to foot & shin,N,Unprovoked
2013,2013-08-11,8.0,South Carolina,SC,Folly Beach,Surfing,True,10.0,M,"No injury, shark became entangled in his surfboard leash",N,Unprovoked
2013,2013-08-13,8.0,Hawaii,HI,"Ka'a Point, Maui",Kiteboarding,False,19.0,F,No injury & not on board. Board adrift when bitten by shark,N,Unprovoked
2013,2013-08-14,8.0,Hawaii,HI,"Makenat, Maui",Snorkeling,False,20.0,F,FATAL,Y,Unprovoked
2013,2013-08-17,8.0,California,CA,"Pillar Point, Half-Moon Bay, San Mateo County",Surfing,True,,F,"No injury, shark bumped surfboard",N,Unprovoked
2013,2013-08-18,8.0,Hawaii,HI,Pohoiki ,Surfing,True,16.0,M,Lacerations to buttocks & thigh,N,Unprovoked
2013,2013-08-25,8.0,Florida,FL,"Winterhaven Park,           Ponce Inlet, Volusia County",Boogie boarding,True,11.0,F,Minor injury to left lower leg & heel,N,Unprovoked
2013,2013-08-29,8.0,California,CA,Catalina Channel,Marathon swimming,False,47.0,F,"Puncture wound to torso. Reported as a bite by a leopard shark, the tooth fragment appears to be that of a bony fish",N,Invalid
2013,2013-08-31,8.0,California,CA,"Butterfly Beach, Montecito, Santa Barbara County",Swimming,False,,M,Foot bitten,N,Unprovoked
2013,2013-09-01,9.0,Florida,FL,"St Augustine Beach, St Johns County",Casting a net,False,9.0,M,Lacerations to left calf,N,Unprovoked
2013,2013-09-01,9.0,Florida,FL,Key West Aquarium,,False,3.0,M,Arm bitten by captive shark PROVOKED INCIDENT,N,Provoked
2013,2013-09-02,9.0,Florida,FL,"Ormond Beach, Volusia County",Swimming,False,17.0,M,Shoulder bitten,N,Unprovoked
2013,2013-09-07,9.0,Florida,FL,"New Smyrna Beach,  Volusia County",Standing,False,25.0,M,"Minor injury, shin bitten",N,Unprovoked
2013,2013-09-07,9.0,Florida,FL,"New Smyrna Beach,  Volusia County",Surfing,True,43.0,M,Foot bitten when he accidentally jumped onto the shark PROVOKED INCIDENT,N,Provoked
2013,2013-09-08,9.0,South Carolina,SC,"St. Helena Island, Beaufort County",,False,,F,No details,,Unprovoked
2013,2013-09-12,9.0,Florida,FL,"New Smyrna Beach,  Volusia County",Surfing,True,13.0,F,Heel bitten,N,Unprovoked
2013,2013-09-14,9.0,Florida,FL,"Casino Beach, Pensacola, Escambia County",Swimming,False,21.0,M,Lacerations to right foot,N,Unprovoked
2013,2013-09-21,9.0,Florida,FL,"Carlin Park, Jupiter, Palm Beach County",Surfing,True,,M,Lacerations to left foream,N,Unprovoked
2013,2013-09-21,9.0,Florida,FL,"Ormond Beach, Volusia County",Swimming,False,45.0,M,Lacerations to right foot,N,Unprovoked
2013,2013-09-25,9.0,Florida,FL,"Panama City, Bay County",Standing,False,7.0,M,Laceration and puncture wounds to ankle,N,Unprovoked
2013,2013-09-29,9.0,Florida,FL,"Melbourne Beach, Brevard County",Surfing,True,50.0,M,Lacerations to hand,N,Unprovoked
2013,2013-10-06,10.0,California,CA,"Bunkers, Humboldt Bay, Eureka, Humboldt County",Surfing,True,45.0,M,Laceration to thigh,N,Unprovoked
2013,2013-10-10,10.0,Florida,FL,"Destin, Okaloosa County",Wading,False,12.0,M,Lacerations to  right forearm,N,Unprovoked
2013,2013-10-19,10.0,Florida,FL,Miami Beach,Wading,False,6.0,M,Bitten on left calf & foot,N,Unprovoked
2013,2013-10-20,10.0,Hawaii,HI,"Pila'a Beach, Kaua'i",Surfing,True,25.0,M,"No injury, shark bit surfboard",N,Unprovoked
2013,2013-10-23,10.0,Hawaii,HI,"Waiehu, Maui",Diving,False,45.0,M,"3"" laceration to left hip",N,Unprovoked
2013,2013-10-31,10.0,Hawaii,HI,"Kanaha Beach, Maui",Kiteboarding,False,46.0,M,Severe bite to right calf & anklel,N,Unprovoked
2013,2013-11-07,11.0,Florida,FL,"Floridana Beach, Brevard County",Surfing,True,,M,Foot bitten,N,Unprovoked
2013,2013-11-07,11.0,New Jersey,NJ,"Bay Head, Ocean County",Body boarding,True,16.0,M,"No injury, swim fin bitten",N,Unprovoked
2013,2013-11-22,11.0,Oregon,OR,"Gleneden Beach, Lincoln County",Surfing,True,25.0,M,"No injury, board bitten",N,Unprovoked
2013,2013-11-29,11.0,Hawaii,HI,"Keawekapu Beach, Kihei, Maui",Snorkeling,False,58.0,F,Right calf bitten,N,Unprovoked
2013,2013-12-02,12.0,Hawaii,HI,"Between  Makena & Molokini, Maui",Kayaking / Fishing,False,57.0,M,FATAL,Y,Unprovoked
2013,2013-12-10,12.0,Florida,FL,"Cocoa Beach, Brevard  County",Surfing,True,30.0,M,Right foot bitten,N,Unprovoked
2013,2013-12-11,12.0,Hawaii,HI,"Ninole Bay, Hawaii County",Boogie boarding,True,29.0,M,Lacerations to right hand & knee,N,Unprovoked
2014,2014-03-02,3.0,Florida,FL,"Santa Lucea Beach, South Hutchinson Island, St. Lucie County",Surfing,True,21.0,M,Lacerations to toes,N,Unprovoked
2014,2014-03-21,3.0,Florida,FL,Macarthur State Park,Surfing,True,9.0,M,Lacerations to toes and heel of right foot,N,Unprovoked
2014,2014-03-22,3.0,Florida,FL,Delray Beach,Kite Surfing,True,,M,Lacerations to left forearm,N,Unprovoked
2014,2014-04-04,4.0,Florida,FL,"New Smyrna Beach, Volusia County",Surfing,True,,M,Lacerations to foot,N,Unprovoked
2014,2014-04-04,4.0,Florida,FL,"New Smyrna Beach, Volusia County",Surfing,True,,M,Minor puncture wounds to lower left leg,N,Unprovoked
2014,2014-04-15,4.0,Florida,FL,"New Smyrna Beach, Volusia County",Wading,False,25.0,M,Minor lacerations to left foot,N,Unprovoked
2014,2014-04-22,4.0,Florida,FL,"Cocoa Beach, Brevard  County",Swimming,False,42.0,M,Laceration & puncture wounds to right foot,N,Unprovoked
2014,2014-05-01,5.0,Florida,FL,"New Smyrna Beach, Volusia County",Surfing,True,23.0,M,Laceration to right hand and cuts on fingertips,N,Unprovoked
2014,2014-05-06,5.0,South Carolina,SC,"Coligny Beach, Hilton Head, Beaufort County",Swimming,False,40.0,F,Lacerations to left foot,N,Unprovoked
2014,2014-05-11,5.0,Georgia,GA,"Tybee Island, Chatham County",Surfing,True,12.0,M,Puncture wounds to right thigh,N,Unprovoked
2014,2014-05-13,5.0,Florida,FL,"Jacksonville Beach, Duval County",Wading,False,44.0,F,Lacerations and puncture wounds to right foot,N,Unprovoked
2014,2014-05-15,5.0,Florida,FL,"Juan Ponce de León Landing, Melbourne Beach, Brevard County",Body boarding,True,38.0,F,Calf bitten,N,Unprovoked
2014,2014-06-01,6.0,Palmyra Atoll,,,Tagging sharks,False,37.0,F,Laceration to left hand,N,Unprovoked
2014,2014-06-01,6.0,Florida,FL,Fort Lauderdale,Swimming,False,22.0,F,Laceration to right lower leg,N,Unprovoked
2014,2014-06-07,6.0,Texas,TX,"West Beach, Galveston",Kneeling in the water,False,14.0,F,Shallow lacerations & puncture wounds below shoulder,N,Unprovoked
2014,2014-06-09,6.0,Delaware,DE,"Cape Henlopen State Park, Sussex County",Standing,False,16.0,M,"Abrasion to right hand, lacerations to left forearm",N,Unprovoked
2014,2014-07-03,7.0,South Carolina,SC,"Isle of Palms, Charleston County",Body surfing,True,19.0,M,Right hand bitten,N,Unprovoked
2014,2014-07-05,7.0,California,CA,"Manhattan Beach, Los Angeles County",Swimming,False,,M,PROVOKED INCIDENT Torso bitten by shark hooked by an angler,N,Provoked
2014,2014-07-05,7.0,California,CA,"Oceano Dunes State Beach, San Luis Obispo County",Surfing,True,,M,"No injury, surboard bitten",N,Unprovoked
2014,2014-07-09,7.0,Florida,FL,"New Smyrna Beach, Volusia County",Surfing,True,14.0,M,Lacerations to foot,N,Unprovoked
2014,2014-07-12,7.0,North Carolina,NC,"Masonboro Island, New Hanover County",Body surfing,True,,M,Lacerations to hand and wrist,N,Unprovoked
2014,2014-07-14,7.0,Florida,FL,Okaloosa Island,Swimming,False,39.0,M,Puncture wounds to foot,N,Unprovoked
2014,2014-07-16,7.0,Hawaii,HI,"Paia Bay, Maui",Swimming,False,61.0,M,Lacerations to left foot,N,Unprovoked
2014,2014-07-21,7.0,Florida,FL,"Indialantic, Brevard County",Standing,False,8.0,M,Lacerations to right knee,N,Unprovoked
2014,2014-07-27,7.0,North Carolina,NC,"Sunset Beach, Brunswick County",Swimming,False,,M,Left foot bitten,N,Unprovoked
2014,2014-08-02,8.0,Florida,FL,"Table Beach, Brevard County",Boogie boarding,True,8.0,M,Laceration to ankle,N,Unprovoked
2014,2014-08-02,8.0,Florida,FL,"South of Cocoa Beach, Brevard County",Surfing,True,50.0,M,Foot bitten,N,Unprovoked
2014,2014-08-05,8.0,Florida,FL,"Cocoa Beach, Brevard  County",Swimming,False,45.0,F,Lacerations to  foot,N,Unprovoked
2014,2014-08-06,8.0,South Carolina,SC,"Folly Beach, Charleston County",Boogie boarding,True,10.0,M,Lacerations to right leg & foot,N,Unprovoked
2014,2014-08-08,8.0,Louisiana,LA,"Lake Ponchartain off Southshore Harbor, New Orleans",Swimming,False,7.0,M,Minor lacerations to left heel and big toe,N,Unprovoked
2014,2014-08-09,8.0,Florida,FL,"Lori Wilson Park, Cocoa Beach, Brevard  County",Swimming,False,10.0,F,Puncture wounds to right foot & ankle,N,Unprovoked
2014,2014-08-10,8.0,Florida,FL,"Hallandale Beach, Broward County",,False,26.0,M,Puncture wounds & lacerations to foot,N,Unprovoked
2014,2014-08-12,8.0,Florida,FL,"3 to 4 miles west of Indian Pass, Gulf County",Standing,False,,M,Puncture wounds and lacerations to left thigh and knee,N,Unprovoked
2014,2014-08-24,8.0,North Carolina,NC,"Off Masonboro Island, New Hanover County",Kite boarding,False,,,Laceration to left foot,N,Unprovoked
2014,2014-08-27,8.0,South Carolina,SC,"Surfside Beach, Horry  County",Standing,False,,F,Heel bitten,N,Unprovoked
2014,2014-08-27,8.0,North Carolina,NC,"Figure Eight Island,  New Hanover County",Surfing,True,29.0,M,Laceration to left hand,N,Unprovoked
2014,2014-08-28,8.0,Maryland,MD,Assateague National Seashore,Fishing,False,33.0,M,Lacerations to foot by hooked shark PROVOKED INCIDENT,N,Provoked
2014,2014-08-29,8.0,Florida,FL,"Atlantic Beach, Duval County",,False,,,Shark involvement not confirmed,N,Invalid
2014,2014-08-29,8.0,Florida,FL,"Ponce Inlet, Volusia County",Surfing,True,17.0,M,Lacerations to shin,N,Unprovoked
2014,2014-08-31,8.0,Florida,FL,"New Smyrna Beach, Volusia County",Body surfing,True,13.0,F,Injury to left calf,N,Unprovoked
2014,2014-09-02,9.0,Florida,FL,"Fletcher Beach, Hutchinson Island, Martin County",Fishing,False,52.0,M,Bitten twice on the leg by a shark he was attempting to free from his line PROVOKED INCIDENT,N,Provoked
2014,2014-09-03,9.0,Massachusetts,MA,"Manomet Point, Plymouth, Plymouth County",Kayaking,False,20.0,F,"No injury, shark bit kayak",N,Unprovoked
2014,2014-09-06,9.0,Alabama,AL,"Katrina Cut, Dauphin Island, Mobile County",Fishing,False,43.0,M,Leg bitten,N,Unprovoked
2014,2014-09-13,9.0,California,CA,"Manresa State Beach, Santa Cruz County",Surfing,True,,M,"A hoax, no shark involvement",N,Invalid
2014,2014-09-21,9.0,Florida,FL,"New Smyrna Beach, Volusia County",Surfing,True,,M,Minor injury to left foot,N,Unprovoked
2014,2014-10-02,10.0,California,CA,"Walls Beach, Vandenberg AFB, Santa Barbara County",Surfing,True,28.0,M,Lacerations to knee,N,Unprovoked
2014,2014-10-03,10.0,California,CA,Santa Barbara County,Kayaking,False,,M,"No injury to occupant, shark/s holded  kayak",N,Boat
2014,2014-10-03,10.0,California,CA,Santa Barbara County,Kayaking,False,,M,"No injury to occupant, shark/s holded  kayak",N,Boat
2014,2014-10-05,10.0,Florida,FL,"New Smyrna Beach, Volusia County",Surfing,True,15.0,M,Foot bitten,N,Unprovoked
2014,2014-10-05,10.0,Florida,FL,"New Smyrna Beach, Volusia County",Surfing,True,29.0,M,Foot bitten,N,Unprovoked
2014,2014-10-07,10.0,Florida,FL,"Cherie Down Park, Brevard County",Fishing,False,40.0,F,Thigh bitten,N,Unprovoked
2014,2014-10-12,10.0,Florida,FL,"Melbourne Beach, Brevard County",Body surfing or Boogie boarding,True,,F,Laceration to right hand/wrist,N,Unprovoked
2014,2014-10-14,10.0,South Carolina,SC,"Hilton Head Island, Beaufort County",Standing in inner tube,False,7.0,F,Lacerations to left foot,N,Unprovoked
2014,2014-10-18,10.0,Hawaii,HI,"Maalaea, South Maui",Surfing,True,,M,"No injury, surfboard bitten",N,Unprovoked
2014,2014-10-19,10.0,California,CA,"Leadbetter Beach, Santa Barbara County",Canoeing,False,,F,"No injury to occupant, canoe bitten",N,Boat
2014,2014-10-20,10.0,Hawaii,HI,"Kahului, Maui",Stand-Up Paddleboarding,False,,M,"No injury, paddleboard bitten",N,Unprovoked
2014,2014-10-22,10.0,Hawaii,HI,"Kihei, Maui",Stand-Up Paddleboarding,False,,F,"No injury, paddleboard bitten",N,Unprovoked
2014,2014-10-31,10.0,Hawaii,HI,"North Kohala, Hawaii County",Surfing,True,34.0,F,Lacerations to fingers,N,Unprovoked
2014,2014-11-08,11.0,Florida,FL,"Fort Pierce Inlet State Park, St. Lucie County",Surfing,True,18.0,M,Minor injuries to hand & arm ,N,Unprovoked
2014,2014-11-13,11.0,Hawaii,HI,"Airplane Beach, Lahina, West Maui",Snorkeling,False,53.0,M,Laceration to left upper leg,N,Unprovoked
2014,2014-11-16,11.0,Florida,FL,"Indian Harbor Beach, Brevard County",Surfing,True,44.0,M,Laceration to left hand,N,Unprovoked
2014,2014-12-28,12.0,California,CA,"Montaña de Oro State Park, San Luis Obispo County ",Surfing,True,50.0,M,Injury to hip/leg,N,Unprovoked
2015,2015-01-01,1.0,Florida,FL,"Windsor Beach, Indian River County",,False,12.0,M,Leg bitten,N,Unprovoked
2015,2015-01-08,1.0,Florida,FL,,Swimming after falling overboard,False,38.0,M,"During his 16-hour swim to shore, he was circled by a shark but it did not injure him",N,Invalid
2015,2015-01-19,1.0,Florida,FL,Off Panama City,Fishing,False,,M,No injury but shark bit trolling motor & rammed boat,N,Boat
2015,2015-01-27,1.0,Hawaii,HI,Lahaina,Shark fishing,False,20.0,M,Lacerations to calf by hooked shark PROVOKED INCIDENT,N,Provoked
2015,2015-03-18,3.0,Hawaii,HI,Hapuna Beach,Standing / Snorkeling,False,58.0,M,Lacerations to left forearm. Lacerations to left hand and thigh,N,Unprovoked
2015,2015-04-03,4.0,Florida,FL,"3 miles off Jupiter, Palm Beach County",Spearfishing,False,70.0,M,Injuries to head & torso,N,Unprovoked
2015,2015-04-13,4.0,Florida,FL,"Florida Keys, Monroe County",Photographing the shark,False,48.0,M,Lacerations to shoulder and left bicep,N,Unprovoked
2015,2015-04-26,4.0,Florida,FL,"Resident's Beach, Marco Island",Wading,False,63.0,M,Lacerations to left calf,N,Unprovoked
2015,2015-04-29,4.0,Hawaii,HI,Kanahena Cove ,Snorkeling,False,65.0,F,FATAL,Y,Unprovoked
2015,2015-05-07,5.0,Florida,FL,"Cocoa Beach, Brevard  County",Swimming,False,,M,"Lacerations to lower left leg, ankle & foot",N,Unprovoked
2015,2015-05-15,5.0,South Carolina,SC,Sullivan's Island,,False,30.0,M,Laceration to foot ,N,Unprovoked
2015,2015-05-20,5.0,Florida,FL,"New Smyrna Beach, Volusia County",Surfing,True,18.0,M,2 puncture wounds to  dorsum of left foot,N,Unprovoked
2015,2015-05-24,5.0,Florida,FL,"Cocoa Beach, Brevard  County",Swimming,False,13.0,F,"Puncture wounds to lower left leg and ankle, shallow lacerations to foot, deep laceration to Achilles tendon",N,Unprovoked
2015,2015-05-29,5.0,Florida,FL,"New Smyrna Beach, Volusia County",Wading,False,19.0,F,Minor lacerations to dorsum of right foot,N,Unprovoked
2015,2015-05-29,5.0,Florida,FL,"Cocoa Beach, Brevard  County",Standing,False,14.0,F,Left foot bitten,N,Unprovoked
2015,2015-06-05,6.0,Florida,FL,Fort Lauderdale,Attempting to rescue a shark,False,17.0,F,Puncture wound to finger,N,Unprovoked
2015,2015-06-07,6.0,Florida,FL,"Lori Wilson Park, Cocoa Beach, Brevard  County",Playing,False,11.0,M,Lacerations to right calf,N,Unprovoked
2015,2015-06-11,6.0,North Carolina,NC,"Ocean Isle, Brunswick County",Boogie boarding,True,13.0,F,Minor lacerations to foot,N,Unprovoked
2015,2015-06-13,6.0,California,CA,Off San Diego,,False,,F,Severe laceration to leg,N,Unprovoked
2015,2015-06-14,6.0,North Carolina,NC,"Oak Island, Brunswick County",Wading,False,12.0,F,Left arm amputated at elbow & severe injury to leg,N,Unprovoked
2015,2015-06-14,6.0,North Carolina,NC,"Oak Island, Brunswick County",Wading,False,16.0,M,Arm amputated below shoulder,N,Unprovoked
2015,2015-06-17,6.0,Florida,FL,Daytona Beach Shores,Swimming,False,10.0,M,Minor injury to calf ,N,Unprovoked
2015,2015-06-23,6.0,South Carolina,SC,"St. Helena Island, Beaufort County",Standing,False,9.0,M,Minor injury to calf ,N,Unprovoked
2015,2015-06-24,6.0,North Carolina,NC,Surf City,Swimming,False,6.0,M,Minor injury to foot,N,Unprovoked
2015,2015-06-25,6.0,North Carolina,NC,"Avon, Hatteras Island, Outer Banks, Dare County",Body surfing?,True,47.0,M,Multiple lacerations to back,N,Unprovoked
2015,2015-06-26,6.0,Florida,FL,"Jacksonville Beach, Duval County",Swimming,False,,F,Minor lacerations to leg,N,Invalid
2015,2015-06-26,6.0,South Carolina,SC,"South Beach, Hunting Island State Park, Beaufort County",Standing,False,43.0,M,Puncture wounds to foot,N,Unprovoked
2015,2015-06-27,6.0,North Carolina,NC,"Rodanthe, Dare County",Swimming,False,18.0,M,"Injuries to right calf, buttock and both hands",N,Unprovoked
2015,2015-06-30,6.0,South Carolina,SC,"Isle of Palms County Park, Isle of Palms, Charleston County",Playing in the water,False,12.0,M,Shallow lacerations & puncture to lateral left leg,N,Unprovoked
2015,2015-07-01,7.0,North Carolina,NC,"Ocracoke, Lifeguard Beach, National Park Service, Hyde County",Swimming,False,68.0,M,"Injuries to torso, hip, lower leg & hands",N,Unprovoked
2015,2015-07-04,7.0,North Carolina,NC,"Off Surf City, Pender County",,False,32.0,M,Lacerations to right hand & forearm,N,Unprovoked
2015,2015-07-08,7.0,California,CA,"Huntington Beach, Orange County",Treading water,False,39.0,M,Laceration to back,N,Invalid
2015,2015-07-10,7.0,California,CA,"Huntington Beach, Orange County",Surfing,True,38.0,M,"No injury, shark bumped & damaged board",N,Unprovoked
2015,2015-07-23,7.0,California,CA,"La Jolla, San Diego County",Kayak Fishing,False,31.0,M,No injury to occupant. Kayak bitten by gaffed shark. PROVOKED INCIDENT,N,Provoked
2015,2015-07-26,7.0,South Carolina,SC,"Edisto Beach, Colleton County",Floating,False,35.0,F,"2' cut to dorsum of foot, 2 puncture wounds to sole",N,Invalid
2015,2015-07-26,7.0,Florida,FL,"Daytona Beach, Volusia County",Surfing,True,25.0,M,Minor injury to sole of foot,N,Unprovoked
2015,2015-08-10,8.0,California,CA,Cortes Bank,Spearfishing,False,57.0,M,Right hand bitten  PROVOKED INCIDENT,N,Provoked
2015,2015-08-18,8.0,California,CA,Santa Barbara County,Kayak Fishing,False,22.0,M,"No injury, kayak bitten",N,Unprovoked
2015,2015-08-19,8.0,Florida,FL,"Jacksonville Beach, Duval County",Walking,False,10.0,F,Lacerations to right leg,N,Unprovoked
2015,2015-08-20,8.0,South Carolina,SC,"Murrells Inlet, Georgetown County",Surfing,True,15.0,M,"Injuries to left calf, arm and hand",N,Unprovoked
2015,2015-08-22,8.0,Florida,FL,"Cocoa Beach, Brevard  County",,False,,M,Wound to right lower leg,N,Invalid
2015,2015-08-29,8.0,California,CA,"Morro Bay, San Luis Obispo County",Surfing,True,21.0,M,"No injury, shark struk sufer's leg and his board",N,Unprovoked
2015,2015-08-29,8.0,California,CA,"Morro Strand State Beach, San Luis Obispo County",Surfing,True,54.0,F,"No injury, surfboard bitten",N,Unprovoked
2015,2015-09-03,9.0,South Carolina,SC,"Myrtle Beach, Horry County",,False,,M,Right foot bitten,N,Unprovoked
2015,2015-09-05,9.0,California,CA,"Deer Creek Beach, Ventura County",Kayak Fishing,False,29.0,M,Laceration to dorsum of foot by hooked shark  PROVOKED INCIDENT,N,Provoked
2015,2015-09-06,9.0,California,CA,"El Pescador Beach, Los Angeles County",Stand-Up Paddleboarding,False,50.0,F,"No injury, shark struck board, tossing her into the sea",N,Unprovoked
2015,2015-09-17,9.0,Florida,FL,"Jacksonville Beach, Duval County",Surfing,True,20.0,M,Injury to right foot,N,Unprovoked
2015,2015-09-18,9.0,Florida,FL,"Big Talbot Island, Duval County",Swimming,False,,M,Lacerations to calf,N,Unprovoked
2015,2015-09-20,9.0,Florida,FL,"Vilano Beach, St.  Johns County",Photographing fish,False,16.0,M,Injury to right hand / wrist,N,Unprovoked
2015,2015-09-20,9.0,Florida,FL,"Fernandina Beach, Amelia Island, Nassau County",Wading,False,12.0,M,Significant injuries to leg,N,Unprovoked
2015,2015-09-20,9.0,Hawaii,HI,"Upolu Point, North Kohala, Big Island",Spearfishing,False,27.0,M,Severe laceration to left leg,N,Unprovoked
2015,2015-09-20,9.0,Florida,FL,"New Smyrna Beach, Volusia County",Surfing,True,14.0,M,Minor injury to left ankle,N,Unprovoked
2015,2015-09-24,9.0,California,CA,"Horseshoe Rock, Santa Barbara County",Kayak fishing,False,,M,"No injury, kayak damaged",N,Unprovoked
2015,2015-09-29,9.0,Florida,FL,"Vilano Beach, St.  Johns County",Surfing,True,22.0,M,"Laceration to heel, puncture wounds to dorsum of foot",N,Unprovoked
2015,2015-10-04,10.0,Florida,FL,"New Smyrna Beach, Volusia County",Surfing,True,14.0,M,Severe lacerations to left hand,N,Unprovoked
2015,2015-10-05,10.0,Florida,FL,"Pepper Park Beach, St. Lucie County",Body boarding,True,22.0,M,2 lacerations to ankle,N,Unprovoked
2015,2015-10-05,10.0,Texas,TX,Galveston,Wading,False,13.0,M,Foot & hands bitten,N,Unprovoked
2015,2015-10-09,10.0,Hawaii,HI,"Leftovers, Oahu",Surfing,True,25.0,M,"Left leg severed below the knee, defense injuries to left hand",N,Unprovoked
2015,2015-10-09,10.0,South Carolina,SC,"Shipyard Beach Club, Hilton Head Island, Beaufort County",Boogie boarding,True,9.0,F,Laceration to forearm,N,Unprovoked
2015,2015-10-13,10.0,California,CA,"Off Leffingwell Landing, San Luis Obispo County",Kayak Fishing,False,,M,"No injury, shark rammed kayak repeatedly",N,Boat
2015,2015-10-17,10.0,Hawaii,HI,"Lanikai Beach, Kailua, Oahu",Swimming,False,44.0,M,Injuries to lower legs,N,Unprovoked
2015,2015-10-17,10.0,Hawaii,HI,"Waikiki, ",Surfing,True,32.0,M,Left foot bitten by eel,N,Invalid
2015,2015-10-19,10.0,Florida,FL,"Deerfield Beach, Broward County",Surfing,True,21.0,M,Left foot bitten,N,Unprovoked
2015,2015-10-21,10.0,Florida,FL,"Playalinda Beach, Brevard County",Surfing,True,21.0,M,Lacerations to left hand,N,Unprovoked
2015,2015-10-28,10.0,Hawaii,HI,"Malaka, Oahu",Body boarding,True,10.0,M,"Lacerations & puncture wounds to right thigh, calf & ankle",N,Unprovoked
2015,2015-11-01,11.0,Florida,FL,"Cocoa Beach, Brevard  County",Wading,False,28.0,F,Injury to right ankle/calf & hand,N,Unprovoked
2015,2015-11-03,11.0,Hawaii,HI,"Kehena Beach, Hawaii",Swimming,False,54.0,M,Laceration to right ankle,N,Unprovoked
2015,2015-11-07,11.0,Florida,FL,"Paradise Beach, Melbourne, Brevard County",Surfing,True,9.0,F,Lower left leg injured,N,Invalid
2015,2015-11-15,11.0,Florida,FL,"Palm Beach, Palm Beach County",Swimming,False,,F,Leg injured,N,Unprovoked
2015,2015-11-15,11.0,Florida,FL,"Ocean Reef Park, Singer Island, Palm Beach County",Surfing,True,28.0,M,Lacerations to hand,N,Unprovoked
2015,2015-11-16,11.0,Florida,FL,"Playalinda Beach, Brevard County",Surfing,True,,M,Right heel injured,N,Unprovoked
2015,2015-12-22,12.0,Hawaii,HI,La'aloa Beach Park,Paddle boarding,False,71.0,M,"No injury, shark bit board",N,Unprovoked
2016,2016-01-23,1.0,Hawaii,HI,"Wailea Beach, Maui",Paddle boarding,False,48.0,M,No injury,N,Unprovoked
2016,2016-01-24,1.0,Texas,TX,Off Surfside,Spearfishing,False,,M,"Bruised ribs & tail bone, speargun broken and wetsuit cut",N,Unprovoked
2016,2016-01-25,1.0,Hawaii,HI,"Hanalei Bay, Kauai, ",Surfing,True,15.0,F,No injury,N,Unprovoked
2016,2016-01-28,1.0,Hawaii,HI,"Hanalei Bay, Kauai",Surfing,True,,M,Lacerations to both hands,N,Unprovoked
2016,2016-03-04,3.0,Florida,FL,"Ocean Reef Park, Singer Island, Palm Beach County",,False,12.0,M,Superficial injury to foot,N,Unprovoked
2016,2016-03-11,3.0,Florida,FL,"Vero Beach, St. Lucie County",Body surfing,True,19.0,M,Lacerations to right foot and ankle,N,Unprovoked
2016,2016-03-13,3.0,California,CA,"Bolsa Chica State Park, Orange County",Surfing,True,,,Board reportedly bumped by shark. No injury,N,Invalid
2016,2016-03-28,3.0,Florida,FL,"Fort Myers Beach, Lee County",,False,,M,Minor injury to arm. Possibly caused by smalll nurse shark,N,Unprovoked
2016,2016-03-31,3.0,Hawaii,HI,"Olowalu, Maui",Snorkeling,False,46.0,F,Minor injury to left foot,N,Unprovoked
2016,2016-04-07,4.0,Florida,FL,"Florida Keys, Monroe County",Fishing,False,34.0,M,Left hand bitten,N,Unprovoked
2016,2016-04-07,4.0,Florida,FL,"Corners Beach, Jupiter, Palm Beach County",SUP,False,,M,Fell off board when spinner shark leapt from the water next to him. No injury to surfer,N,Invalid
2016,2016-04-13,4.0,Florida,FL,"Off Singer Island, Palm Beach County",Spearfishing,False,26.0,M,Multiple bites to right arm,N,Unprovoked
2016,2016-04-23,4.0,Florida,FL,"New Smyrna Beach, Volusia County",Surfing,True,15.0,M,Minor injury to left foot,N,Unprovoked
2016,2016-05-03,5.0,Hawaii,HI,"Wailea Beach, Maui",Floating,False,59.0,M,Minor lacerations to right shoulder,N,Unprovoked
2016,2016-05-15,5.0,Florida,FL,"Boca Raton, Palm Beach County",Teasing a shark,False,23.0,F,Arm grabbed PROVOKED INCIDENT,N,Provoked
2016,2016-05-18,5.0,Florida,FL,"Ponte Vedra, St. Johns County",Swimming,False,48.0,M,Ankle bitten,N,Unprovoked
2016,2016-05-21,5.0,Florida,FL,"Hugenot Beach , Jacksonville, Duval County",Swimming,False,11.0,F,"Back, arm & hand injured",N,Unprovoked
2016,2016-05-21,5.0,Florida,FL,"St. Petersburg, Pinellas County",Swimming,False,22.0,F,Lacerations and puncture wounds to foot and ankle,N,Unprovoked
2016,2016-05-22,5.0,Florida,FL,"Vero Beach, Indian River County",Swimming,False,57.0,F,Puncture wounds to thigh,N,Unprovoked
2016,2016-05-29,5.0,Florida,FL,"Neptune, Duval County",Swimming,False,13.0,M,Injury to posterior right leg,N,Unprovoked
2016,2016-05-29,5.0,California,CA,"Corona Del Mar, Newport, Orange County",Swimming,False,52.0,F,Injuries to arm and shoulder,N,Unprovoked
2016,2016-06-05,6.0,Florida,FL,"Flagler Beach, Flagler County",Swimming,False,64.0,M,Leg bitten,N,Unprovoked
2016,2016-06-07,6.0,South Carolina,SC,"Folly Beach, Charleston County",Surfing,True,27.0,M,"No injury, board damaged",N,Invalid
2016,2016-06-11,6.0,North Carolina,NC,"Atlantic Beach, Emerald Isle, Carteret County",Standing,False,19.0,M,Laceration to wrist,N,Unprovoked
2016,2016-06-14,6.0,Texas,TX,"Pirates Beach, Galveston",Floating in tube,False,6.0,F,Injury to lower leg,N,Unprovoked
2016,2016-06-15,6.0,Hawaii,HI,"Kalapaki Beach, Kauai",Surfing,True,,M,Single puncture wound to arm,N,Unprovoked
2016,2016-06-21,6.0,Florida,FL,"Pelican Beach Park, Satellite Beach, Brevard County",Wading,False,,M,Injuries to right calf,N,Unprovoked
2016,2016-06-21,6.0,South Carolina,SC,"North Myrtle Beach, Horry County",Floating,False,42.0,M,Lacerations and punctures to foot,N,Unprovoked
2016,2016-06-25,6.0,North Carolina,NC,"Atlantic Beach, Emerald Isle, Carteret County",Surfing,True,11.0,M,Foot injured,N,Unprovoked
2016,2016-06-27,6.0,South Carolina,SC,Sullivan's Island,,False,35.0,M,Minor injury,N,Unprovoked
2016,2016-07-06,7.0,Florida,FL,"Melbourne Beach, Brevard County",Swimming,False,42.0,F,"Buttocks, thigh, left hand & wrist injured",N,Unprovoked
2016,2016-07-07,7.0,California,CA,"Off Palos Verdes peninsula, Los Angeles County",Fishing for sharks,False,,M,"No injury. Hull bitten, tooth fragment recovered",N,Boat
2016,2016-07-07,7.0,Massachusetts,MA,"Off Gloucester, Essec County",Fishing,False,59.0,M,Fin of hooked shark injured fisherman's forearm. . PROVOKED INCIDENT,N,Provoked
2016,2016-07-08,7.0,California,CA,"Capitola, Santa Cruz County",Fishing for squid,False,,M,"No injury. Hull bitten, tooth fragment recovered",N,Boat
2016,2016-07-15,7.0,South Carolina,SC,"North Myrtle Beach, Horry County",Swimming,False,,M,Puncture wounds to foot,N,Unprovoked
2016,2016-07-16,7.0,Florida,FL,"New Smyrna Beach, Volusia County",,False,11.0,F,Minor injury to toes,N,Unprovoked
2016,2016-07-16,7.0,Florida,FL,"New Smyrna Beach, Volusia County",Surfing,True,9.0,F,Minor injury to leg,N,Unprovoked
2016,2016-07-17,7.0,Alabama,AL,8 miles off Mobile,Fishing in Alabama Deep Fishing Rodeo,False,,,"No injury, shark bit trolling motor",N,Boat
2016,2016-07-27,7.0,Florida,FL,"Florida Keys, Monroe County",Lobstering,False,43.0,M,Laceration to left forearm PROVOKED INCIDENT,N,Provoked
2016,2016-08-04,8.0,Florida,FL,"New Smyrna Beach, Volusia County",Surfing,True,22.0,M,Big toe bitten,N,Unprovoked
2016,2016-08-06,8.0,Hawaii,HI,Maui,SUP Foil boarding,False,21.0,M,"No inury, shark & board collided",N,Unprovoked
2016,2016-08-25,8.0,Florida,FL,"Ponte Vedra, St. Johns County",Wading,False,49.0,M,Minor injury to ankle,N,Unprovoked
2016,2016-08-29,8.0,Florida,FL,"New Smyrna Beach, Volusia County",Surfing,True,37.0,M,Minor injury to ankle,N,Unprovoked
2016,2016-08-29,8.0,Florida,FL,"New Smyrna Beach, Volusia County",Surfing,True,25.0,M,Lacerations to right foot,N,Unprovoked
2016,2016-09-01,9.0,California,CA,"Refugio State Beach, Santa Barbara County",Spearfishing,False,22.0,M,Two toes broken & lacerated,N,Unprovoked
2016,2016-09-04,9.0,Florida,FL,"New Smyrna Beach, Volusia County",Body boarding,True,9.0,M,Foot bitten,N,Unprovoked
2016,2016-09-05,9.0,South Carolina,SC,"Kingston Plantation, Myrtle Beach, Horry County",Boogie boarding,True,12.0,F,Lacerations & punctures to lower right leg,N,Unprovoked
2016,2016-09-07,9.0,Hawaii,HI,"Makaha, Oahu",Swimming,False,51.0,F,Severe lacerations to shoulder & forearm,N,Unprovoked
2016,2016-09-11,9.0,Florida,FL,"Ponte Vedra, St. Johns County",Wading,False,60.0,M,Minor injury to arm,N,Unprovoked
2016,2016-09-18,9.0,Florida,FL,"New Smyrna Beach, Volusia County",Surfing,True,43.0,M,Lacerations to lower leg,N,Unprovoked
2016,2016-09-18,9.0,Florida,FL,"New Smyrna Beach, Volusia County",Surfing,True,36.0,M,Lacerations to hands,N,Unprovoked
2016,2016-09-18,9.0,Florida,FL,"New Smyrna Beach, Volusia County",Surfing,True,16.0,M,Minor injury to thigh,N,Unprovoked
